-- MySQL dump 10.13  Distrib 5.6.24, for osx10.8 (x86_64)
--
-- Host: 127.0.0.1    Database: LZS
-- ------------------------------------------------------
-- Server version	5.7.17

/*!40101 SET @OLD_CHARACTER_SET_CLIENT=@@CHARACTER_SET_CLIENT */;
/*!40101 SET @OLD_CHARACTER_SET_RESULTS=@@CHARACTER_SET_RESULTS */;
/*!40101 SET @OLD_COLLATION_CONNECTION=@@COLLATION_CONNECTION */;
/*!40101 SET NAMES utf8 */;
/*!40103 SET @OLD_TIME_ZONE=@@TIME_ZONE */;
/*!40103 SET TIME_ZONE='+00:00' */;
/*!40014 SET @OLD_UNIQUE_CHECKS=@@UNIQUE_CHECKS, UNIQUE_CHECKS=0 */;
/*!40014 SET @OLD_FOREIGN_KEY_CHECKS=@@FOREIGN_KEY_CHECKS, FOREIGN_KEY_CHECKS=0 */;
/*!40101 SET @OLD_SQL_MODE=@@SQL_MODE, SQL_MODE='NO_AUTO_VALUE_ON_ZERO' */;
/*!40111 SET @OLD_SQL_NOTES=@@SQL_NOTES, SQL_NOTES=0 */;

--
-- Table structure for table `hibernate_sequence`
--

DROP TABLE IF EXISTS `hibernate_sequence`;
/*!40101 SET @saved_cs_client     = @@character_set_client */;
/*!40101 SET character_set_client = utf8 */;
CREATE TABLE `hibernate_sequence` (
  `next_val` bigint(20) DEFAULT NULL
) ENGINE=InnoDB DEFAULT CHARSET=latin1;
/*!40101 SET character_set_client = @saved_cs_client */;

--
-- Dumping data for table `hibernate_sequence`
--

LOCK TABLES `hibernate_sequence` WRITE;
/*!40000 ALTER TABLE `hibernate_sequence` DISABLE KEYS */;
INSERT INTO `hibernate_sequence` VALUES (7377),(7377);
/*!40000 ALTER TABLE `hibernate_sequence` ENABLE KEYS */;
UNLOCK TABLES;

--
-- Table structure for table `movie`
--

DROP TABLE IF EXISTS `movie`;
/*!40101 SET @saved_cs_client     = @@character_set_client */;
/*!40101 SET character_set_client = utf8 */;
CREATE TABLE `movie` (
  `id` bigint(20) NOT NULL,
  `action` bit(1) DEFAULT NULL,
  `adventure` bit(1) DEFAULT NULL,
  `animation` bit(1) DEFAULT NULL,
  `children` bit(1) DEFAULT NULL,
  `comedy` bit(1) DEFAULT NULL,
  `crime` bit(1) DEFAULT NULL,
  `date` datetime DEFAULT NULL,
  `documentary` bit(1) DEFAULT NULL,
  `drama` bit(1) DEFAULT NULL,
  `fantasy` bit(1) DEFAULT NULL,
  `filmnoir` bit(1) DEFAULT NULL,
  `horror` bit(1) DEFAULT NULL,
  `musical` bit(1) DEFAULT NULL,
  `mystery` bit(1) DEFAULT NULL,
  `romance` bit(1) DEFAULT NULL,
  `scifi` bit(1) DEFAULT NULL,
  `thriller` bit(1) DEFAULT NULL,
  `title` varchar(255) DEFAULT NULL,
  `unknown` bit(1) DEFAULT NULL,
  `war` bit(1) DEFAULT NULL,
  `western` bit(1) DEFAULT NULL,
  PRIMARY KEY (`id`)
) ENGINE=InnoDB DEFAULT CHARSET=latin1;
/*!40101 SET character_set_client = @saved_cs_client */;

--
-- Dumping data for table `movie`
--

LOCK TABLES `movie` WRITE;
/*!40000 ALTER TABLE `movie` DISABLE KEYS */;
INSERT INTO `movie` VALUES (1,'\0','\0','','','','\0','1995-01-01 00:00:00','\0','\0','\0','\0','\0','\0','\0','\0','\0','\0','Toy Story (1995)','\0','\0','\0'),(2,'','','\0','\0','\0','\0','1995-01-01 00:00:00','\0','\0','\0','\0','\0','\0','\0','\0','\0','','GoldenEye (1995)','\0','\0','\0'),(3,'\0','\0','\0','\0','\0','\0','1995-01-01 00:00:00','\0','\0','\0','\0','\0','\0','\0','\0','\0','','Four Rooms (1995)','\0','\0','\0'),(4,'','\0','\0','\0','','\0','1995-01-01 00:00:00','\0','','\0','\0','\0','\0','\0','\0','\0','\0','Get Shorty (1995)','\0','\0','\0'),(5,'\0','\0','\0','\0','\0','','1995-01-01 00:00:00','\0','','\0','\0','\0','\0','\0','\0','\0','','Copycat (1995)','\0','\0','\0'),(6,'\0','\0','\0','\0','\0','\0','1995-01-01 00:00:00','\0','','\0','\0','\0','\0','\0','\0','\0','\0','Shanghai Triad (Yao a yao yao dao waipo qiao) (1995)','\0','\0','\0'),(7,'\0','\0','\0','\0','\0','\0','1995-01-01 00:00:00','\0','','\0','\0','\0','\0','\0','\0','','\0','Twelve Monkeys (1995)','\0','\0','\0'),(8,'\0','\0','\0','','','\0','1995-01-01 00:00:00','\0','','\0','\0','\0','\0','\0','\0','\0','\0','Babe (1995)','\0','\0','\0'),(9,'\0','\0','\0','\0','\0','\0','1995-01-01 00:00:00','\0','','\0','\0','\0','\0','\0','\0','\0','\0','Dead Man Walking (1995)','\0','\0','\0'),(10,'\0','\0','\0','\0','\0','\0','1996-01-22 00:00:00','\0','','\0','\0','\0','\0','\0','\0','\0','\0','Richard III (1995)','\0','','\0'),(11,'\0','\0','\0','\0','\0','','1995-01-01 00:00:00','\0','\0','\0','\0','\0','\0','\0','\0','\0','','Seven (Se7en) (1995)','\0','\0','\0'),(12,'\0','\0','\0','\0','\0','','1995-08-14 00:00:00','\0','\0','\0','\0','\0','\0','\0','\0','\0','','Usual Suspects, The (1995)','\0','\0','\0'),(13,'\0','\0','\0','\0','','\0','1995-10-30 00:00:00','\0','\0','\0','\0','\0','\0','\0','\0','\0','\0','Mighty Aphrodite (1995)','\0','\0','\0'),(14,'\0','\0','\0','\0','\0','\0','1994-01-01 00:00:00','\0','','\0','\0','\0','\0','\0','','\0','\0','Postino, Il (1994)','\0','\0','\0'),(15,'\0','\0','\0','\0','\0','\0','1996-01-29 00:00:00','\0','','\0','\0','\0','\0','\0','\0','\0','\0','Mr. Holland\'s Opus (1995)','\0','\0','\0'),(16,'\0','\0','\0','\0','','\0','1995-01-01 00:00:00','\0','\0','\0','\0','\0','\0','\0','','\0','\0','French Twist (Gazon maudit) (1995)','\0','\0','\0'),(17,'','\0','\0','\0','','','1996-02-05 00:00:00','\0','\0','\0','\0','','\0','\0','\0','\0','','From Dusk Till Dawn (1996)','\0','\0','\0'),(18,'\0','\0','\0','\0','\0','\0','1995-01-01 00:00:00','\0','','\0','\0','\0','\0','\0','\0','\0','\0','White Balloon, The (1995)','\0','\0','\0'),(19,'\0','\0','\0','\0','\0','\0','1995-01-01 00:00:00','\0','','\0','\0','\0','\0','\0','\0','\0','\0','Antonia\'s Line (1995)','\0','\0','\0'),(20,'\0','\0','\0','\0','\0','\0','1995-01-01 00:00:00','\0','','\0','\0','\0','\0','\0','','\0','\0','Angels and Insects (1995)','\0','\0','\0'),(21,'','','\0','\0','','\0','1996-02-16 00:00:00','\0','\0','\0','\0','\0','','\0','\0','\0','','Muppet Treasure Island (1996)','\0','\0','\0'),(22,'','\0','\0','\0','\0','\0','1996-02-16 00:00:00','\0','','\0','\0','\0','\0','\0','\0','\0','\0','Braveheart (1995)','\0','','\0'),(23,'\0','\0','\0','\0','\0','\0','1996-02-16 00:00:00','\0','','\0','\0','\0','\0','\0','\0','\0','','Taxi Driver (1976)','\0','\0','\0'),(24,'','','\0','\0','\0','','1996-02-23 00:00:00','\0','\0','\0','\0','\0','\0','\0','\0','\0','\0','Rumble in the Bronx (1995)','\0','\0','\0'),(25,'\0','\0','\0','\0','','\0','1996-03-08 00:00:00','\0','\0','\0','\0','\0','\0','\0','\0','\0','\0','Birdcage, The (1996)','\0','\0','\0'),(26,'\0','\0','\0','\0','','\0','1995-01-01 00:00:00','\0','\0','\0','\0','\0','\0','\0','\0','\0','\0','Brothers McMullen, The (1995)','\0','\0','\0'),(27,'','\0','\0','\0','\0','\0','1995-01-01 00:00:00','\0','\0','\0','\0','\0','\0','\0','\0','\0','\0','Bad Boys (1995)','\0','\0','\0'),(28,'','\0','\0','\0','\0','\0','1995-01-01 00:00:00','\0','','\0','\0','\0','\0','\0','\0','\0','','Apollo 13 (1995)','\0','\0','\0'),(29,'','','\0','\0','','','1995-01-01 00:00:00','\0','\0','\0','\0','\0','\0','\0','\0','\0','\0','Batman Forever (1995)','\0','\0','\0'),(30,'\0','\0','\0','\0','\0','\0','1967-01-01 00:00:00','\0','','\0','\0','\0','\0','\0','\0','\0','\0','Belle de jour (1967)','\0','\0','\0'),(31,'\0','\0','\0','\0','\0','\0','1995-01-01 00:00:00','\0','','\0','\0','\0','\0','\0','\0','\0','','Crimson Tide (1995)','\0','','\0'),(32,'\0','\0','\0','\0','\0','\0','1994-01-01 00:00:00','','\0','\0','\0','\0','\0','\0','\0','\0','\0','Crumb (1994)','\0','\0','\0'),(33,'','\0','\0','\0','\0','\0','1995-01-01 00:00:00','\0','\0','\0','\0','\0','\0','\0','','\0','','Desperado (1995)','\0','\0','\0'),(34,'\0','\0','\0','\0','','\0','1995-01-01 00:00:00','\0','','\0','\0','\0','\0','\0','\0','\0','\0','Doom Generation, The (1995)','\0','\0','\0'),(35,'\0','','\0','','\0','\0','1995-01-01 00:00:00','\0','','\0','\0','\0','\0','\0','\0','\0','\0','Free Willy 2: The Adventure Home (1995)','\0','\0','\0'),(36,'\0','\0','\0','\0','\0','\0','1995-01-01 00:00:00','\0','','\0','\0','\0','\0','\0','','\0','\0','Mad Love (1995)','\0','\0','\0'),(37,'\0','\0','\0','\0','\0','\0','1994-01-01 00:00:00','\0','','\0','\0','\0','\0','\0','\0','\0','\0','Nadja (1994)','\0','\0','\0'),(38,'\0','\0','\0','\0','\0','\0','1995-01-01 00:00:00','\0','\0','\0','\0','\0','\0','\0','\0','','','Net, The (1995)','\0','\0','\0'),(39,'','\0','\0','\0','\0','','1995-01-01 00:00:00','\0','\0','\0','\0','\0','\0','\0','\0','','\0','Strange Days (1995)','\0','\0','\0'),(40,'\0','\0','\0','\0','','\0','1995-01-01 00:00:00','\0','\0','\0','\0','\0','\0','\0','\0','\0','\0','To Wong Foo, Thanks for Everything! Julie Newmar (1995)','\0','\0','\0'),(41,'\0','\0','\0','\0','','\0','1995-01-01 00:00:00','\0','\0','\0','\0','\0','\0','\0','\0','\0','\0','Billy Madison (1995)','\0','\0','\0'),(42,'\0','\0','\0','\0','','\0','1994-01-01 00:00:00','\0','\0','\0','\0','\0','\0','\0','\0','\0','\0','Clerks (1994)','\0','\0','\0'),(43,'\0','\0','\0','\0','\0','\0','1994-01-01 00:00:00','\0','','\0','\0','\0','\0','\0','\0','\0','','Disclosure (1994)','\0','\0','\0'),(44,'\0','\0','\0','\0','\0','\0','1994-01-01 00:00:00','\0','','\0','\0','\0','\0','\0','\0','\0','','Dolores Claiborne (1994)','\0','\0','\0'),(45,'\0','\0','\0','\0','','\0','1994-01-01 00:00:00','\0','','\0','\0','\0','\0','\0','\0','\0','\0','Eat Drink Man Woman (1994)','\0','\0','\0'),(46,'\0','\0','\0','\0','\0','\0','1994-01-01 00:00:00','\0','','\0','\0','\0','\0','\0','\0','\0','\0','Exotica (1994)','\0','\0','\0'),(47,'\0','\0','\0','\0','','\0','1994-01-01 00:00:00','\0','','\0','\0','\0','\0','\0','\0','\0','\0','Ed Wood (1994)','\0','\0','\0'),(48,'\0','\0','\0','\0','\0','\0','1994-01-01 00:00:00','','\0','\0','\0','\0','\0','\0','\0','\0','\0','Hoop Dreams (1994)','\0','\0','\0'),(49,'\0','\0','\0','\0','','\0','1994-01-01 00:00:00','\0','\0','\0','\0','\0','\0','\0','','\0','\0','I.Q. (1994)','\0','\0','\0'),(50,'','','\0','\0','\0','\0','1977-01-01 00:00:00','\0','\0','\0','\0','\0','\0','\0','','','\0','Star Wars (1977)','\0','','\0'),(51,'\0','\0','\0','\0','\0','\0','1994-01-01 00:00:00','\0','','\0','\0','\0','\0','\0','','\0','\0','Legends of the Fall (1994)','\0','',''),(52,'\0','\0','\0','\0','\0','\0','1994-01-01 00:00:00','\0','','\0','\0','\0','\0','\0','\0','\0','\0','Madness of King George, The (1994)','\0','\0','\0'),(53,'','\0','\0','\0','\0','\0','1994-01-01 00:00:00','\0','\0','\0','\0','\0','\0','\0','\0','\0','','Natural Born Killers (1994)','\0','\0','\0'),(54,'','\0','\0','\0','\0','\0','1995-01-01 00:00:00','\0','','\0','\0','\0','\0','\0','\0','\0','','Outbreak (1995)','\0','\0','\0'),(55,'\0','\0','\0','\0','\0','','1994-01-01 00:00:00','\0','','\0','\0','\0','\0','\0','','\0','','Professional, The (1994)','\0','\0','\0'),(56,'\0','\0','\0','\0','\0','','1994-01-01 00:00:00','\0','','\0','\0','\0','\0','\0','\0','\0','\0','Pulp Fiction (1994)','\0','\0','\0'),(57,'\0','\0','\0','\0','\0','\0','1994-01-01 00:00:00','\0','','\0','\0','\0','\0','\0','\0','\0','\0','Priest (1994)','\0','\0','\0'),(58,'\0','\0','\0','\0','\0','\0','1994-01-01 00:00:00','\0','','\0','\0','\0','\0','\0','\0','\0','\0','Quiz Show (1994)','\0','\0','\0'),(59,'\0','\0','\0','\0','\0','\0','1994-01-01 00:00:00','\0','','\0','\0','\0','\0','\0','\0','\0','\0','Three Colors: Red (1994)','\0','\0','\0'),(60,'\0','\0','\0','\0','\0','\0','1993-01-01 00:00:00','\0','','\0','\0','\0','\0','\0','\0','\0','\0','Three Colors: Blue (1993)','\0','\0','\0'),(61,'\0','\0','\0','\0','\0','\0','1994-01-01 00:00:00','\0','','\0','\0','\0','\0','\0','\0','\0','\0','Three Colors: White (1994)','\0','\0','\0'),(62,'','','\0','\0','\0','\0','1994-01-01 00:00:00','\0','\0','\0','\0','\0','\0','\0','\0','','\0','Stargate (1994)','\0','\0','\0'),(63,'\0','\0','\0','','','\0','1994-01-01 00:00:00','\0','\0','\0','\0','\0','\0','\0','\0','\0','\0','Santa Clause, The (1994)','\0','\0','\0'),(64,'\0','\0','\0','\0','\0','\0','1994-01-01 00:00:00','\0','','\0','\0','\0','\0','\0','\0','\0','\0','Shawshank Redemption, The (1994)','\0','\0','\0'),(65,'\0','\0','\0','\0','','\0','1993-01-01 00:00:00','\0','','\0','\0','\0','\0','\0','\0','\0','\0','What\'s Eating Gilbert Grape (1993)','\0','\0','\0'),(66,'\0','\0','\0','\0','','\0','1995-01-01 00:00:00','\0','\0','\0','\0','\0','\0','\0','','\0','\0','While You Were Sleeping (1995)','\0','\0','\0'),(67,'\0','\0','\0','\0','','\0','1994-01-01 00:00:00','\0','\0','\0','\0','\0','\0','\0','\0','\0','\0','Ace Ventura: Pet Detective (1994)','\0','\0','\0'),(68,'','\0','\0','\0','\0','\0','1994-01-01 00:00:00','\0','\0','\0','\0','\0','\0','\0','','\0','','Crow, The (1994)','\0','\0','\0'),(69,'\0','\0','\0','\0','','\0','1994-01-01 00:00:00','\0','\0','\0','\0','\0','\0','\0','','\0','\0','Forrest Gump (1994)','\0','','\0'),(70,'\0','\0','\0','\0','','\0','1994-01-01 00:00:00','\0','\0','\0','\0','\0','\0','\0','','\0','\0','Four Weddings and a Funeral (1994)','\0','\0','\0'),(71,'\0','\0','','','\0','\0','1994-01-01 00:00:00','\0','\0','\0','\0','\0','','\0','\0','\0','\0','Lion King, The (1994)','\0','\0','\0'),(72,'\0','\0','\0','\0','','','1994-01-01 00:00:00','\0','\0','','\0','\0','\0','\0','\0','\0','\0','Mask, The (1994)','\0','\0','\0'),(73,'','\0','\0','\0','','\0','1994-01-01 00:00:00','\0','\0','\0','\0','\0','\0','\0','\0','\0','\0','Maverick (1994)','\0','\0',''),(74,'','\0','\0','\0','','\0','1965-01-01 00:00:00','\0','','\0','\0','\0','\0','\0','\0','\0','\0','Faster Pussycat! Kill! Kill! (1965)','\0','\0','\0'),(75,'\0','\0','\0','\0','\0','\0','1994-01-01 00:00:00','','\0','\0','\0','\0','\0','\0','\0','\0','\0','Brother Minister: The Assassination of Malcolm X (1994)','\0','\0','\0'),(76,'\0','\0','\0','\0','\0','','1993-01-01 00:00:00','\0','','\0','\0','\0','\0','\0','\0','\0','\0','Carlito\'s Way (1993)','\0','\0','\0'),(77,'\0','\0','\0','\0','\0','\0','1993-01-01 00:00:00','\0','','\0','\0','\0','\0','\0','\0','\0','','Firm, The (1993)','\0','\0','\0'),(78,'\0','','\0','','\0','\0','1993-01-01 00:00:00','\0','','\0','\0','\0','\0','\0','\0','\0','\0','Free Willy (1993)','\0','\0','\0'),(79,'','\0','\0','\0','\0','\0','1993-01-01 00:00:00','\0','\0','\0','\0','\0','\0','\0','\0','\0','','Fugitive, The (1993)','\0','\0','\0'),(80,'','\0','\0','\0','','\0','1993-01-01 00:00:00','\0','\0','\0','\0','\0','\0','\0','\0','\0','\0','Hot Shots! Part Deux (1993)','\0','','\0'),(81,'\0','\0','\0','\0','','\0','1994-01-01 00:00:00','\0','\0','\0','\0','\0','\0','\0','','\0','\0','Hudsucker Proxy, The (1994)','\0','\0','\0'),(82,'','','\0','\0','\0','\0','1993-01-01 00:00:00','\0','\0','\0','\0','\0','\0','\0','\0','','\0','Jurassic Park (1993)','\0','\0','\0'),(83,'\0','\0','\0','\0','','\0','1993-01-01 00:00:00','\0','\0','\0','\0','\0','\0','\0','','\0','\0','Much Ado About Nothing (1993)','\0','\0','\0'),(84,'\0','\0','\0','\0','\0','\0','1994-01-01 00:00:00','\0','\0','\0','\0','','\0','\0','\0','','\0','Robert A. Heinlein\'s The Puppet Masters (1994)','\0','\0','\0'),(85,'\0','\0','\0','\0','','\0','1994-01-01 00:00:00','\0','\0','\0','\0','\0','\0','\0','\0','\0','\0','Ref, The (1994)','\0','\0','\0'),(86,'\0','\0','\0','\0','\0','\0','1993-01-01 00:00:00','\0','','\0','\0','\0','\0','\0','\0','\0','\0','Remains of the Day, The (1993)','\0','\0','\0'),(87,'\0','\0','\0','\0','\0','\0','1993-01-01 00:00:00','\0','','\0','\0','\0','\0','\0','\0','\0','\0','Searching for Bobby Fischer (1993)','\0','\0','\0'),(88,'\0','\0','\0','\0','','\0','1993-01-01 00:00:00','\0','\0','\0','\0','\0','\0','\0','','\0','\0','Sleepless in Seattle (1993)','\0','\0','\0'),(89,'\0','\0','\0','\0','\0','\0','1982-01-01 00:00:00','\0','\0','\0','','\0','\0','\0','\0','','\0','Blade Runner (1982)','\0','\0','\0'),(90,'\0','\0','\0','\0','','\0','1993-01-01 00:00:00','\0','\0','\0','\0','\0','\0','\0','','\0','','So I Married an Axe Murderer (1993)','\0','\0','\0'),(91,'\0','\0','\0','','','\0','1993-01-01 00:00:00','\0','\0','\0','\0','\0','','\0','\0','\0','\0','Nightmare Before Christmas, The (1993)','\0','\0','\0'),(92,'','\0','\0','\0','\0','','1993-01-01 00:00:00','\0','\0','\0','\0','\0','\0','\0','','\0','\0','True Romance (1993)','\0','\0','\0'),(93,'\0','\0','\0','\0','','\0','1996-05-24 00:00:00','\0','','\0','\0','\0','\0','\0','\0','\0','\0','Welcome to the Dollhouse (1995)','\0','\0','\0'),(94,'\0','\0','\0','','','\0','1990-01-01 00:00:00','\0','\0','\0','\0','\0','\0','\0','\0','\0','\0','Home Alone (1990)','\0','\0','\0'),(95,'\0','\0','','','','\0','1992-01-01 00:00:00','\0','\0','\0','\0','\0','','\0','\0','\0','\0','Aladdin (1992)','\0','\0','\0'),(96,'','\0','\0','\0','\0','\0','1991-01-01 00:00:00','\0','\0','\0','\0','\0','\0','\0','\0','','','Terminator 2: Judgment Day (1991)','\0','\0','\0'),(97,'\0','','\0','\0','\0','\0','1990-01-01 00:00:00','\0','','\0','\0','\0','\0','\0','\0','\0','\0','Dances with Wolves (1990)','\0','\0',''),(98,'\0','\0','\0','\0','\0','\0','1991-01-01 00:00:00','\0','','\0','\0','\0','\0','\0','\0','\0','','Silence of the Lambs, The (1991)','\0','\0','\0'),(99,'\0','\0','','','\0','\0','2037-01-01 00:00:00','\0','\0','\0','\0','\0','','\0','\0','\0','\0','Snow White and the Seven Dwarfs (1937)','\0','\0','\0'),(100,'\0','\0','\0','\0','\0','','1997-02-14 00:00:00','\0','','\0','\0','\0','\0','\0','\0','\0','','Fargo (1996)','\0','\0','\0'),(101,'','','','\0','\0','\0','1981-03-08 00:00:00','\0','\0','\0','\0','','\0','\0','\0','','\0','Heavy Metal (1981)','\0','\0','\0'),(102,'\0','\0','','','\0','\0','1970-01-01 00:00:00','\0','\0','\0','\0','\0','\0','\0','\0','\0','\0','Aristocats, The (1970)','\0','\0','\0'),(103,'\0','\0','','','\0','\0','1996-03-29 00:00:00','\0','\0','\0','\0','\0','','\0','\0','\0','\0','All Dogs Go to Heaven 2 (1996)','\0','\0','\0'),(104,'\0','\0','\0','\0','','\0','1996-03-29 00:00:00','\0','\0','\0','\0','\0','\0','\0','\0','\0','\0','Theodore Rex (1995)','\0','\0','\0'),(105,'\0','\0','\0','\0','','\0','1996-03-29 00:00:00','\0','\0','\0','\0','\0','\0','\0','\0','\0','\0','Sgt. Bilko (1996)','\0','\0','\0'),(106,'\0','\0','\0','\0','\0','\0','1996-01-01 00:00:00','\0','','\0','\0','\0','\0','\0','\0','\0','','Diabolique (1996)','\0','\0','\0'),(107,'\0','\0','\0','\0','\0','\0','1996-06-14 00:00:00','\0','','\0','\0','\0','\0','\0','\0','\0','\0','Moll Flanders (1996)','\0','\0','\0'),(108,'\0','\0','\0','\0','','\0','1996-04-12 00:00:00','\0','\0','\0','\0','\0','\0','\0','\0','\0','\0','Kids in the Hall: Brain Candy (1996)','\0','\0','\0'),(109,'\0','\0','\0','\0','','\0','1996-04-19 00:00:00','\0','\0','\0','\0','\0','\0','\0','\0','','\0','Mystery Science Theater 3000: The Movie (1996)','\0','\0','\0'),(110,'','','\0','\0','','\0','1995-01-01 00:00:00','\0','\0','\0','\0','\0','\0','\0','\0','\0','\0','Operation Dumbo Drop (1995)','\0','','\0'),(111,'\0','\0','\0','\0','','\0','1996-04-26 00:00:00','\0','\0','\0','\0','\0','\0','\0','','\0','\0','Truth About Cats & Dogs, The (1996)','\0','\0','\0'),(112,'\0','','\0','','\0','\0','1996-05-10 00:00:00','\0','\0','\0','\0','\0','\0','\0','\0','\0','\0','Flipper (1996)','\0','\0','\0'),(113,'\0','\0','\0','\0','\0','\0','1996-04-19 00:00:00','\0','','\0','\0','\0','\0','\0','\0','\0','\0','Horseman on the Roof, The (Hussard sur le toit, Le) (1995)','\0','\0','\0'),(114,'\0','\0','','\0','\0','\0','1996-04-05 00:00:00','\0','\0','\0','\0','\0','\0','\0','\0','\0','\0','Wallace & Gromit: The Best of Aardman Animation (1996)','\0','\0','\0'),(115,'\0','\0','\0','\0','\0','\0','1996-04-26 00:00:00','','\0','\0','\0','\0','\0','\0','\0','\0','\0','Haunted World of Edward D. Wood Jr., The (1995)','\0','\0','\0'),(116,'\0','\0','\0','\0','','\0','1996-04-23 00:00:00','\0','\0','\0','\0','\0','\0','\0','\0','\0','\0','Cold Comfort Farm (1995)','\0','\0','\0'),(117,'','','\0','\0','\0','\0','1996-06-07 00:00:00','\0','\0','\0','\0','\0','\0','\0','\0','\0','','Rock, The (1996)','\0','\0','\0'),(118,'','','\0','\0','\0','\0','1996-05-10 00:00:00','\0','\0','\0','\0','\0','\0','\0','\0','\0','','Twister (1996)','\0','\0','\0'),(119,'\0','\0','\0','\0','\0','\0','1994-01-01 00:00:00','','\0','\0','\0','\0','\0','\0','\0','\0','\0','Maya Lin: A Strong Clear Vision (1994)','\0','\0','\0'),(120,'\0','\0','\0','\0','','','1996-06-28 00:00:00','\0','\0','\0','\0','\0','\0','\0','\0','\0','\0','Striptease (1996)','\0','\0','\0'),(121,'','\0','\0','\0','\0','\0','1996-07-03 00:00:00','\0','\0','\0','\0','\0','\0','\0','\0','','\0','Independence Day (ID4) (1996)','\0','','\0'),(122,'\0','\0','\0','\0','','\0','1996-06-14 00:00:00','\0','\0','\0','\0','\0','\0','\0','\0','\0','\0','Cable Guy, The (1996)','\0','\0','\0'),(123,'\0','\0','\0','\0','','\0','1996-07-19 00:00:00','\0','\0','\0','\0','','\0','\0','\0','\0','\0','Frighteners, The (1996)','\0','\0','\0'),(124,'\0','\0','\0','\0','\0','\0','1996-06-21 00:00:00','\0','','\0','\0','\0','\0','','\0','\0','\0','Lone Star (1996)','\0','\0','\0'),(125,'\0','\0','\0','\0','\0','\0','1996-06-29 00:00:00','\0','','\0','\0','\0','\0','\0','','\0','\0','Phenomenon (1996)','\0','\0','\0'),(126,'\0','\0','\0','\0','\0','\0','1996-09-06 00:00:00','\0','','\0','\0','\0','\0','\0','\0','\0','\0','Spitfire Grill, The (1996)','\0','\0','\0'),(127,'','\0','\0','\0','\0','','1972-01-01 00:00:00','\0','','\0','\0','\0','\0','\0','\0','\0','\0','Godfather, The (1972)','\0','\0','\0'),(128,'','\0','\0','\0','\0','\0','1996-07-26 00:00:00','\0','\0','\0','\0','\0','\0','\0','\0','\0','','Supercop (1992)','\0','\0','\0'),(129,'\0','\0','\0','\0','\0','','1996-10-04 00:00:00','\0','','\0','\0','\0','\0','\0','','\0','','Bound (1996)','\0','\0','\0'),(130,'\0','\0','\0','\0','\0','','1996-08-16 00:00:00','\0','\0','\0','\0','\0','\0','\0','\0','\0','\0','Kansas City (1996)','\0','\0','\0'),(131,'\0','\0','\0','\0','\0','\0','1961-01-01 00:00:00','\0','','\0','\0','\0','\0','\0','','\0','\0','Breakfast at Tiffany\'s (1961)','\0','\0','\0'),(132,'\0','','\0','','\0','\0','1939-01-01 00:00:00','\0','','\0','\0','\0','','\0','\0','\0','\0','Wizard of Oz, The (1939)','\0','\0','\0'),(133,'\0','\0','\0','\0','\0','\0','1939-01-01 00:00:00','\0','','\0','\0','\0','\0','\0','','\0','\0','Gone with the Wind (1939)','\0','','\0'),(134,'\0','\0','\0','\0','\0','\0','1941-01-01 00:00:00','\0','','\0','\0','\0','\0','\0','\0','\0','\0','Citizen Kane (1941)','\0','\0','\0'),(135,'\0','\0','\0','\0','\0','\0','1968-01-01 00:00:00','\0','','\0','\0','\0','\0','','\0','','','2001: A Space Odyssey (1968)','\0','\0','\0'),(136,'\0','\0','\0','\0','\0','\0','1939-01-01 00:00:00','\0','','\0','\0','\0','\0','\0','\0','\0','\0','Mr. Smith Goes to Washington (1939)','\0','\0','\0'),(137,'\0','\0','\0','\0','\0','\0','1996-09-20 00:00:00','\0','','\0','\0','\0','\0','\0','\0','\0','\0','Big Night (1996)','\0','\0','\0'),(138,'\0','\0','\0','','','\0','1996-10-04 00:00:00','\0','\0','\0','\0','\0','\0','\0','\0','\0','\0','D3: The Mighty Ducks (1996)','\0','\0','\0'),(139,'\0','\0','\0','','','\0','1969-01-01 00:00:00','\0','\0','\0','\0','\0','\0','\0','\0','\0','\0','Love Bug, The (1969)','\0','\0','\0'),(140,'\0','','\0','','\0','\0','1993-01-01 00:00:00','\0','\0','\0','\0','\0','\0','\0','\0','\0','\0','Homeward Bound: The Incredible Journey (1993)','\0','\0','\0'),(141,'\0','','\0','','\0','\0','1954-01-01 00:00:00','\0','\0','','\0','\0','\0','\0','\0','','\0','20,000 Leagues Under the Sea (1954)','\0','\0','\0'),(142,'\0','','\0','','\0','\0','1971-01-01 00:00:00','\0','\0','\0','\0','\0','','\0','\0','\0','\0','Bedknobs and Broomsticks (1971)','\0','\0','\0'),(143,'\0','\0','\0','\0','\0','\0','1965-01-01 00:00:00','\0','\0','\0','\0','\0','','\0','\0','\0','\0','Sound of Music, The (1965)','\0','\0','\0'),(144,'','\0','\0','\0','\0','\0','1988-01-01 00:00:00','\0','\0','\0','\0','\0','\0','\0','\0','\0','','Die Hard (1988)','\0','\0','\0'),(145,'','\0','\0','\0','\0','\0','1992-01-01 00:00:00','\0','\0','\0','\0','\0','\0','\0','\0','','','Lawnmower Man, The (1992)','\0','\0','\0'),(146,'\0','\0','\0','\0','\0','\0','1996-10-30 00:00:00','\0','','\0','\0','\0','\0','\0','\0','\0','\0','Unhook the Stars (1996)','\0','\0','\0'),(147,'','\0','\0','\0','\0','\0','1996-10-05 00:00:00','\0','\0','\0','\0','\0','\0','\0','\0','\0','','Long Kiss Goodnight, The (1996)','\0','\0','\0'),(148,'','','\0','\0','\0','\0','1996-10-11 00:00:00','\0','\0','\0','\0','\0','\0','\0','\0','\0','\0','Ghost and the Darkness, The (1996)','\0','\0','\0'),(149,'\0','\0','\0','\0','\0','\0','1996-11-01 00:00:00','\0','','\0','\0','\0','\0','\0','\0','\0','\0','Jude (1996)','\0','\0','\0'),(150,'\0','\0','\0','\0','','\0','1996-10-18 00:00:00','\0','','\0','\0','\0','\0','\0','\0','\0','\0','Swingers (1996)','\0','\0','\0'),(151,'\0','','\0','','','\0','1971-01-01 00:00:00','\0','\0','\0','\0','\0','\0','\0','\0','\0','\0','Willy Wonka and the Chocolate Factory (1971)','\0','\0','\0'),(152,'\0','\0','\0','\0','','\0','1973-01-01 00:00:00','\0','\0','\0','\0','\0','\0','\0','\0','','\0','Sleeper (1973)','\0','\0','\0'),(153,'\0','\0','\0','\0','','\0','1988-01-01 00:00:00','\0','\0','\0','\0','\0','\0','\0','\0','\0','\0','Fish Called Wanda, A (1988)','\0','\0','\0'),(154,'\0','\0','\0','\0','','\0','1979-01-01 00:00:00','\0','\0','\0','\0','\0','\0','\0','\0','\0','\0','Monty Python\'s Life of Brian (1979)','\0','\0','\0'),(155,'\0','\0','\0','\0','\0','\0','1987-01-01 00:00:00','\0','\0','\0','\0','\0','','\0','','\0','\0','Dirty Dancing (1987)','\0','\0','\0'),(156,'\0','\0','\0','\0','\0','','1992-01-01 00:00:00','\0','\0','\0','\0','\0','\0','\0','\0','\0','','Reservoir Dogs (1992)','\0','\0','\0'),(157,'\0','\0','\0','\0','\0','\0','1986-01-01 00:00:00','\0','','\0','\0','\0','\0','\0','\0','\0','\0','Platoon (1986)','\0','','\0'),(158,'\0','\0','\0','\0','','\0','1989-01-01 00:00:00','\0','\0','\0','\0','\0','\0','\0','\0','\0','\0','Weekend at Bernie\'s (1989)','\0','\0','\0'),(159,'\0','\0','\0','\0','\0','\0','1992-01-01 00:00:00','\0','\0','\0','\0','\0','\0','','\0','\0','','Basic Instinct (1992)','\0','\0','\0'),(160,'\0','\0','\0','\0','\0','\0','1992-01-01 00:00:00','\0','','\0','\0','\0','\0','\0','\0','\0','\0','Glengarry Glen Ross (1992)','\0','\0','\0'),(161,'','\0','\0','\0','\0','\0','1986-01-01 00:00:00','\0','\0','\0','\0','\0','\0','\0','','\0','\0','Top Gun (1986)','\0','\0','\0'),(162,'\0','\0','\0','\0','\0','\0','1981-01-01 00:00:00','\0','','\0','\0','\0','\0','\0','\0','\0','\0','On Golden Pond (1981)','\0','\0','\0'),(163,'\0','\0','\0','\0','','\0','1974-01-01 00:00:00','\0','\0','\0','\0','\0','\0','\0','\0','\0','\0','Return of the Pink Panther, The (1974)','\0','\0','\0'),(164,'','','\0','\0','\0','\0','1989-01-01 00:00:00','\0','\0','\0','\0','\0','\0','\0','\0','','','Abyss, The (1989)','\0','\0','\0'),(165,'\0','\0','\0','\0','\0','\0','1986-01-01 00:00:00','\0','','\0','\0','\0','\0','\0','\0','\0','\0','Jean de Florette (1986)','\0','\0','\0'),(166,'\0','\0','\0','\0','\0','\0','1986-01-01 00:00:00','\0','','\0','\0','\0','\0','\0','\0','\0','\0','Manon of the Spring (Manon des sources) (1986)','\0','\0','\0'),(167,'\0','\0','\0','\0','','\0','1980-01-01 00:00:00','\0','\0','\0','\0','\0','\0','\0','\0','\0','\0','Private Benjamin (1980)','\0','\0','\0'),(168,'\0','\0','\0','\0','','\0','1974-01-01 00:00:00','\0','\0','\0','\0','\0','\0','\0','\0','\0','\0','Monty Python and the Holy Grail (1974)','\0','\0','\0'),(169,'\0','\0','','\0','','\0','1993-01-01 00:00:00','\0','\0','\0','\0','\0','\0','\0','\0','\0','\0','Wrong Trousers, The (1993)','\0','\0','\0'),(170,'\0','\0','\0','\0','','\0','1988-01-01 00:00:00','\0','','\0','\0','\0','\0','\0','','\0','\0','Cinema Paradiso (1988)','\0','\0','\0'),(171,'\0','\0','\0','\0','','\0','1991-01-01 00:00:00','\0','\0','\0','\0','\0','\0','\0','\0','','\0','Delicatessen (1991)','\0','\0','\0'),(172,'','','\0','\0','\0','\0','1980-01-01 00:00:00','\0','','\0','\0','\0','\0','\0','','','\0','Empire Strikes Back, The (1980)','\0','','\0'),(173,'','','\0','\0','','\0','1987-01-01 00:00:00','\0','\0','\0','\0','\0','\0','\0','','\0','\0','Princess Bride, The (1987)','\0','\0','\0'),(174,'','','\0','\0','\0','\0','1981-01-01 00:00:00','\0','\0','\0','\0','\0','\0','\0','\0','\0','\0','Raiders of the Lost Ark (1981)','\0','\0','\0'),(175,'\0','\0','\0','\0','\0','\0','1985-01-01 00:00:00','\0','\0','\0','\0','\0','\0','\0','\0','','\0','Brazil (1985)','\0','\0','\0'),(176,'','\0','\0','\0','\0','\0','1986-01-01 00:00:00','\0','\0','\0','\0','\0','\0','\0','\0','','','Aliens (1986)','\0','','\0'),(177,'','\0','\0','\0','\0','\0','1966-01-01 00:00:00','\0','\0','\0','\0','\0','\0','\0','\0','\0','\0','Good, The Bad and The Ugly, The (1966)','\0','\0',''),(178,'\0','\0','\0','\0','\0','\0','1957-01-01 00:00:00','\0','','\0','\0','\0','\0','\0','\0','\0','\0','12 Angry Men (1957)','\0','\0','\0'),(179,'\0','\0','\0','\0','\0','\0','1971-01-01 00:00:00','\0','\0','\0','\0','\0','\0','\0','\0','','\0','Clockwork Orange, A (1971)','\0','\0','\0'),(180,'\0','\0','\0','\0','\0','\0','1979-01-01 00:00:00','\0','','\0','\0','\0','\0','\0','\0','\0','\0','Apocalypse Now (1979)','\0','','\0'),(181,'','','\0','\0','\0','\0','1997-03-14 00:00:00','\0','\0','\0','\0','\0','\0','\0','','','\0','Return of the Jedi (1983)','\0','','\0'),(182,'\0','\0','\0','\0','\0','','1990-01-01 00:00:00','\0','','\0','\0','\0','\0','\0','\0','\0','\0','GoodFellas (1990)','\0','\0','\0'),(183,'','\0','\0','\0','\0','\0','1979-01-01 00:00:00','\0','\0','\0','\0','','\0','\0','\0','','','Alien (1979)','\0','\0','\0'),(184,'','','\0','\0','','\0','1993-01-01 00:00:00','\0','\0','\0','\0','','\0','\0','\0','','\0','Army of Darkness (1993)','\0','\0','\0'),(185,'\0','\0','\0','\0','\0','\0','1960-01-01 00:00:00','\0','\0','\0','\0','','\0','\0','','\0','','Psycho (1960)','\0','\0','\0'),(186,'','\0','\0','\0','','\0','1980-01-01 00:00:00','\0','\0','\0','\0','\0','','\0','\0','\0','\0','Blues Brothers, The (1980)','\0','\0','\0'),(187,'','\0','\0','\0','\0','','1974-01-01 00:00:00','\0','','\0','\0','\0','\0','\0','\0','\0','\0','Godfather: Part II, The (1974)','\0','\0','\0'),(188,'','\0','\0','\0','\0','\0','1987-01-01 00:00:00','\0','','\0','\0','\0','\0','\0','\0','\0','\0','Full Metal Jacket (1987)','\0','','\0'),(189,'\0','\0','','\0','','\0','1992-01-01 00:00:00','\0','\0','\0','\0','\0','\0','\0','\0','\0','\0','Grand Day Out, A (1992)','\0','\0','\0'),(190,'\0','\0','\0','\0','\0','\0','1989-01-01 00:00:00','\0','','\0','\0','\0','\0','\0','\0','\0','\0','Henry V (1989)','\0','','\0'),(191,'\0','\0','\0','\0','\0','\0','1984-01-01 00:00:00','\0','','\0','\0','\0','\0','','\0','\0','\0','Amadeus (1984)','\0','\0','\0'),(192,'\0','\0','\0','\0','\0','\0','1980-01-01 00:00:00','\0','','\0','\0','\0','\0','\0','\0','\0','\0','Raging Bull (1980)','\0','\0','\0'),(193,'\0','\0','\0','\0','\0','\0','1983-01-01 00:00:00','\0','','\0','\0','\0','\0','\0','\0','\0','\0','Right Stuff, The (1983)','\0','\0','\0'),(194,'\0','\0','\0','\0','','','1973-01-01 00:00:00','\0','\0','\0','\0','\0','\0','\0','\0','\0','\0','Sting, The (1973)','\0','\0','\0'),(195,'','\0','\0','\0','\0','\0','1984-01-01 00:00:00','\0','\0','\0','\0','\0','\0','\0','\0','','','Terminator, The (1984)','\0','\0','\0'),(196,'\0','\0','\0','\0','\0','\0','1989-01-01 00:00:00','\0','','\0','\0','\0','\0','\0','\0','\0','\0','Dead Poets Society (1989)','\0','\0','\0'),(197,'\0','\0','\0','\0','\0','\0','1967-01-01 00:00:00','\0','','\0','\0','\0','\0','\0','','\0','\0','Graduate, The (1967)','\0','\0','\0'),(198,'\0','\0','\0','\0','\0','\0','1990-01-01 00:00:00','\0','\0','\0','\0','\0','\0','\0','\0','\0','','Nikita (La Femme Nikita) (1990)','\0','\0','\0'),(199,'\0','\0','\0','\0','\0','\0','1957-01-01 00:00:00','\0','','\0','\0','\0','\0','\0','\0','\0','\0','Bridge on the River Kwai, The (1957)','\0','','\0'),(200,'\0','\0','\0','\0','\0','\0','1980-01-01 00:00:00','\0','\0','\0','\0','','\0','\0','\0','\0','\0','Shining, The (1980)','\0','\0','\0'),(201,'','','\0','\0','','\0','1987-01-01 00:00:00','\0','\0','\0','\0','','\0','\0','\0','\0','\0','Evil Dead II (1987)','\0','\0','\0'),(202,'\0','\0','\0','\0','','\0','1993-01-01 00:00:00','\0','\0','\0','\0','\0','\0','\0','','\0','\0','Groundhog Day (1993)','\0','\0','\0'),(203,'\0','\0','\0','\0','\0','\0','1992-01-01 00:00:00','\0','\0','\0','\0','\0','\0','\0','\0','\0','\0','Unforgiven (1992)','\0','\0',''),(204,'\0','\0','\0','\0','','\0','1985-01-01 00:00:00','\0','\0','\0','\0','\0','\0','\0','\0','','\0','Back to the Future (1985)','\0','\0','\0'),(205,'\0','\0','\0','\0','\0','\0','1970-01-01 00:00:00','\0','','\0','\0','\0','\0','\0','\0','\0','\0','Patton (1970)','\0','','\0'),(206,'\0','','','\0','\0','\0','1988-01-01 00:00:00','\0','\0','\0','\0','\0','\0','\0','\0','','','Akira (1988)','\0','\0','\0'),(207,'','\0','\0','\0','\0','\0','1990-01-01 00:00:00','\0','','\0','\0','\0','\0','\0','','\0','\0','Cyrano de Bergerac (1990)','\0','\0','\0'),(208,'\0','\0','\0','\0','','\0','1974-01-01 00:00:00','\0','\0','\0','\0','','\0','\0','\0','\0','\0','Young Frankenstein (1974)','\0','\0','\0'),(209,'\0','\0','\0','\0','','\0','1984-01-01 00:00:00','\0','','\0','\0','\0','','\0','\0','\0','\0','This Is Spinal Tap (1984)','\0','\0','\0'),(210,'','','\0','\0','\0','\0','1989-01-01 00:00:00','\0','\0','\0','\0','\0','\0','\0','\0','\0','\0','Indiana Jones and the Last Crusade (1989)','\0','\0','\0'),(211,'\0','\0','\0','\0','','\0','1970-01-01 00:00:00','\0','\0','\0','\0','\0','\0','\0','\0','\0','\0','M*A*S*H (1970)','\0','','\0'),(212,'\0','\0','\0','\0','\0','\0','1988-01-01 00:00:00','\0','','\0','\0','\0','\0','\0','\0','\0','\0','Unbearable Lightness of Being, The (1988)','\0','\0','\0'),(213,'\0','\0','\0','\0','\0','\0','1986-01-01 00:00:00','\0','','\0','\0','\0','\0','\0','','\0','\0','Room with a View, A (1986)','\0','\0','\0'),(214,'\0','\0','\0','\0','\0','\0','1982-01-01 00:00:00','\0','','\0','\0','\0','','\0','\0','\0','\0','Pink Floyd - The Wall (1982)','\0','','\0'),(215,'\0','\0','\0','\0','\0','\0','1989-01-01 00:00:00','\0','','\0','\0','\0','\0','\0','\0','\0','\0','Field of Dreams (1989)','\0','\0','\0'),(216,'\0','\0','\0','\0','','\0','1989-01-01 00:00:00','\0','\0','\0','\0','\0','\0','\0','','\0','\0','When Harry Met Sally... (1989)','\0','\0','\0'),(217,'\0','\0','\0','\0','\0','\0','1992-01-01 00:00:00','\0','\0','\0','\0','','\0','\0','','\0','\0','Bram Stoker\'s Dracula (1992)','\0','\0','\0'),(218,'\0','\0','\0','\0','\0','\0','1991-01-01 00:00:00','\0','\0','\0','\0','\0','\0','\0','\0','\0','','Cape Fear (1991)','\0','\0','\0'),(219,'\0','\0','\0','\0','\0','\0','1984-01-01 00:00:00','\0','\0','\0','\0','','\0','\0','\0','\0','\0','Nightmare on Elm Street, A (1984)','\0','\0','\0'),(220,'\0','\0','\0','\0','','\0','1996-11-15 00:00:00','\0','\0','\0','\0','\0','\0','\0','','\0','\0','Mirror Has Two Faces, The (1996)','\0','\0','\0'),(221,'\0','\0','\0','\0','\0','\0','1996-11-15 00:00:00','\0','','\0','\0','\0','\0','\0','\0','\0','\0','Breaking the Waves (1996)','\0','\0','\0'),(222,'','','\0','\0','\0','\0','1996-11-22 00:00:00','\0','\0','\0','\0','\0','\0','\0','\0','','\0','Star Trek: First Contact (1996)','\0','\0','\0'),(223,'\0','\0','\0','\0','\0','\0','1996-11-22 00:00:00','\0','','\0','\0','\0','\0','\0','\0','\0','','Sling Blade (1996)','\0','\0','\0'),(224,'\0','\0','\0','\0','\0','\0','1996-11-27 00:00:00','\0','','\0','\0','\0','\0','\0','\0','\0','\0','Ridicule (1996)','\0','\0','\0'),(225,'\0','\0','\0','','','\0','1996-11-27 00:00:00','\0','\0','\0','\0','\0','\0','\0','\0','\0','\0','101 Dalmatians (1996)','\0','\0','\0'),(226,'','\0','\0','\0','\0','\0','1990-01-01 00:00:00','\0','\0','\0','\0','\0','\0','\0','\0','\0','','Die Hard 2 (1990)','\0','\0','\0'),(227,'','','\0','\0','\0','\0','1991-01-01 00:00:00','\0','\0','\0','\0','\0','\0','\0','\0','','\0','Star Trek VI: The Undiscovered Country (1991)','\0','\0','\0'),(228,'','','\0','\0','\0','\0','1982-01-01 00:00:00','\0','\0','\0','\0','\0','\0','\0','\0','','\0','Star Trek: The Wrath of Khan (1982)','\0','\0','\0'),(229,'','','\0','\0','\0','\0','1984-01-01 00:00:00','\0','\0','\0','\0','\0','\0','\0','\0','','\0','Star Trek III: The Search for Spock (1984)','\0','\0','\0'),(230,'','','\0','\0','\0','\0','1986-01-01 00:00:00','\0','\0','\0','\0','\0','\0','\0','\0','','\0','Star Trek IV: The Voyage Home (1986)','\0','\0','\0'),(231,'','','\0','\0','','','1992-01-01 00:00:00','\0','\0','\0','\0','\0','\0','\0','\0','\0','\0','Batman Returns (1992)','\0','\0','\0'),(232,'','\0','\0','\0','','\0','1988-01-01 00:00:00','\0','\0','\0','\0','\0','\0','\0','\0','\0','\0','Young Guns (1988)','\0','\0',''),(233,'','\0','\0','\0','\0','\0','1992-01-01 00:00:00','\0','\0','\0','\0','\0','\0','\0','\0','\0','\0','Under Siege (1992)','\0','\0','\0'),(234,'','\0','\0','\0','\0','\0','1975-01-01 00:00:00','\0','\0','\0','\0','','\0','\0','\0','\0','\0','Jaws (1975)','\0','\0','\0'),(235,'','\0','\0','\0','','\0','1996-12-13 00:00:00','\0','\0','\0','\0','\0','\0','\0','\0','','\0','Mars Attacks! (1996)','\0','','\0'),(236,'\0','\0','\0','\0','','\0','1996-12-13 00:00:00','\0','','\0','\0','\0','\0','\0','\0','\0','\0','Citizen Ruth (1996)','\0','\0','\0'),(237,'\0','\0','\0','\0','\0','\0','1996-12-13 00:00:00','\0','','\0','\0','\0','\0','\0','','\0','\0','Jerry Maguire (1996)','\0','\0','\0'),(238,'\0','\0','\0','\0','','\0','1987-01-01 00:00:00','\0','\0','\0','\0','\0','\0','\0','\0','\0','\0','Raising Arizona (1987)','\0','\0','\0'),(239,'\0','\0','\0','\0','\0','','1992-01-01 00:00:00','\0','','\0','\0','\0','\0','\0','\0','','\0','Sneakers (1992)','\0','\0','\0'),(240,'\0','\0','','\0','','\0','1996-12-20 00:00:00','\0','\0','\0','\0','\0','\0','\0','\0','\0','\0','Beavis and Butt-head Do America (1996)','\0','\0','\0'),(241,'','\0','\0','\0','\0','\0','1992-01-01 00:00:00','\0','\0','\0','\0','\0','\0','\0','','\0','\0','Last of the Mohicans, The (1992)','\0','','\0'),(242,'\0','\0','\0','\0','','\0','1997-01-24 00:00:00','\0','\0','\0','\0','\0','\0','\0','\0','\0','\0','Kolya (1996)','\0','\0','\0'),(243,'\0','\0','\0','','','\0','1997-03-07 00:00:00','\0','\0','\0','\0','\0','\0','\0','\0','\0','\0','Jungle2Jungle (1997)','\0','\0','\0'),(244,'','\0','\0','\0','\0','\0','1997-03-14 00:00:00','\0','','\0','\0','\0','\0','\0','\0','\0','','Smilla\'s Sense of Snow (1997)','\0','\0','\0'),(245,'','\0','\0','\0','\0','\0','1997-03-26 00:00:00','\0','','\0','\0','\0','\0','\0','\0','\0','','Devil\'s Own, The (1997)','\0','','\0'),(246,'\0','\0','\0','\0','\0','\0','1997-01-01 00:00:00','\0','','\0','\0','\0','\0','\0','','\0','\0','Chasing Amy (1997)','\0','\0','\0'),(247,'','','\0','','\0','\0','1997-03-28 00:00:00','\0','\0','\0','\0','\0','\0','\0','\0','\0','\0','Turbo: A Power Rangers Movie (1997)','\0','\0','\0'),(248,'\0','\0','\0','\0','','','1997-04-11 00:00:00','\0','\0','\0','\0','\0','\0','\0','\0','\0','\0','Grosse Pointe Blank (1997)','\0','\0','\0'),(249,'\0','\0','\0','\0','','\0','1997-05-02 00:00:00','\0','\0','\0','\0','\0','\0','\0','\0','\0','\0','Austin Powers: International Man of Mystery (1997)','\0','\0','\0'),(250,'','\0','\0','\0','\0','\0','1997-05-09 00:00:00','\0','\0','\0','\0','\0','\0','\0','\0','','\0','Fifth Element, The (1997)','\0','\0','\0'),(251,'\0','\0','\0','\0','','\0','1997-07-11 00:00:00','\0','\0','\0','\0','\0','\0','\0','\0','\0','\0','Shall We Dance? (1996)','\0','\0','\0'),(252,'','','\0','\0','\0','\0','1997-05-23 00:00:00','\0','\0','\0','\0','\0','\0','\0','\0','','','Lost World: Jurassic Park, The (1997)','\0','\0','\0'),(253,'\0','\0','\0','\0','\0','\0','1997-06-13 00:00:00','\0','','\0','\0','\0','\0','\0','','\0','\0','Pillow Book, The (1995)','\0','\0','\0'),(254,'','','\0','\0','\0','','1997-06-20 00:00:00','\0','\0','\0','\0','\0','\0','\0','\0','\0','\0','Batman & Robin (1997)','\0','\0','\0'),(255,'\0','\0','\0','\0','','\0','1997-06-20 00:00:00','\0','\0','\0','\0','\0','\0','\0','','\0','\0','My Best Friend\'s Wedding (1997)','\0','\0','\0'),(256,'\0','\0','\0','\0','','\0','1997-06-20 00:00:00','\0','\0','\0','\0','\0','\0','\0','','\0','\0','When the Cats Away (Chacun cherche son chat) (1996)','\0','\0','\0'),(257,'','','\0','\0','','\0','1997-07-04 00:00:00','\0','\0','\0','\0','\0','\0','\0','\0','','\0','Men in Black (1997)','\0','\0','\0'),(258,'\0','\0','\0','\0','\0','\0','1997-07-11 00:00:00','\0','','\0','\0','\0','\0','\0','\0','','\0','Contact (1997)','\0','\0','\0'),(259,'\0','\0','\0','','','\0','1997-01-01 00:00:00','\0','\0','\0','\0','\0','\0','\0','\0','\0','\0','George of the Jungle (1997)','\0','\0','\0'),(260,'','\0','\0','\0','\0','\0','1997-01-01 00:00:00','\0','\0','\0','\0','\0','\0','','\0','','','Event Horizon (1997)','\0','\0','\0'),(261,'\0','\0','\0','','','\0','1997-08-01 00:00:00','\0','\0','\0','\0','\0','\0','\0','\0','\0','\0','Air Bud (1997)','\0','\0','\0'),(262,'\0','\0','\0','\0','\0','\0','1997-08-01 00:00:00','\0','','\0','\0','\0','\0','\0','\0','\0','\0','In the Company of Men (1997)','\0','\0','\0'),(263,'','\0','\0','\0','\0','\0','1997-08-15 00:00:00','\0','\0','\0','\0','\0','\0','\0','\0','\0','\0','Steel (1997)','\0','\0','\0'),(264,'\0','\0','\0','\0','\0','\0','1997-08-22 00:00:00','\0','\0','\0','\0','\0','\0','\0','\0','','','Mimic (1997)','\0','\0','\0'),(265,'','\0','\0','\0','\0','\0','1990-01-01 00:00:00','\0','\0','\0','\0','\0','\0','\0','\0','\0','','Hunt for Red October, The (1990)','\0','\0','\0'),(266,'','','\0','\0','\0','\0','1997-08-29 00:00:00','\0','\0','\0','\0','\0','\0','\0','\0','\0','\0','Kull the Conqueror (1997)','\0','\0','\0'),(268,'\0','\0','\0','\0','\0','\0','1997-01-01 00:00:00','\0','','\0','\0','\0','\0','\0','','\0','\0','Chasing Amy (1997)','\0','\0','\0'),(269,'\0','\0','\0','\0','','\0','1997-01-01 00:00:00','\0','\0','\0','\0','\0','\0','\0','\0','\0','\0','Full Monty, The (1997)','\0','\0','\0'),(270,'\0','\0','\0','\0','\0','\0','1997-01-01 00:00:00','\0','','\0','\0','\0','\0','\0','\0','','','Gattaca (1997)','\0','\0','\0'),(271,'','','\0','\0','\0','\0','1997-01-01 00:00:00','\0','\0','\0','\0','\0','\0','\0','\0','','\0','Starship Troopers (1997)','\0','','\0'),(272,'\0','\0','\0','\0','\0','\0','1997-01-01 00:00:00','\0','','\0','\0','\0','\0','\0','\0','\0','\0','Good Will Hunting (1997)','\0','\0','\0'),(273,'','\0','\0','\0','\0','','1995-01-01 00:00:00','\0','\0','\0','\0','\0','\0','\0','\0','\0','','Heat (1995)','\0','\0','\0'),(274,'\0','\0','\0','\0','','\0','1995-01-01 00:00:00','\0','\0','\0','\0','\0','\0','\0','','\0','\0','Sabrina (1995)','\0','\0','\0'),(275,'\0','\0','\0','\0','\0','\0','1995-01-01 00:00:00','\0','','\0','\0','\0','\0','\0','','\0','\0','Sense and Sensibility (1995)','\0','\0','\0'),(276,'\0','\0','\0','\0','\0','\0','1995-01-01 00:00:00','\0','','\0','\0','\0','\0','\0','','\0','\0','Leaving Las Vegas (1995)','\0','\0','\0'),(277,'\0','\0','\0','\0','\0','\0','1995-01-01 00:00:00','\0','','\0','\0','\0','\0','\0','\0','\0','\0','Restoration (1995)','\0','\0','\0'),(278,'\0','\0','\0','\0','\0','\0','1996-01-01 00:00:00','\0','','\0','\0','\0','\0','\0','','\0','\0','Bed of Roses (1996)','\0','\0','\0'),(279,'\0','\0','\0','\0','\0','\0','1995-01-01 00:00:00','\0','','\0','\0','\0','\0','\0','\0','\0','\0','Once Upon a Time... When We Were Colored (1995)','\0','\0','\0'),(280,'\0','\0','\0','\0','\0','\0','1996-03-01 00:00:00','\0','','\0','\0','\0','\0','\0','','\0','\0','Up Close and Personal (1996)','\0','\0','\0'),(281,'','\0','\0','\0','\0','\0','1994-01-01 00:00:00','\0','\0','\0','\0','\0','\0','\0','\0','\0','','River Wild, The (1994)','\0','\0','\0'),(282,'\0','\0','\0','\0','\0','\0','1996-07-13 00:00:00','\0','','\0','\0','\0','\0','\0','\0','\0','\0','Time to Kill, A (1996)','\0','\0','\0'),(283,'\0','\0','\0','\0','\0','\0','1996-08-02 00:00:00','\0','','\0','\0','\0','\0','\0','','\0','\0','Emma (1996)','\0','\0','\0'),(284,'\0','\0','\0','\0','','\0','1996-08-16 00:00:00','\0','\0','\0','\0','\0','\0','\0','','\0','\0','Tin Cup (1996)','\0','\0','\0'),(285,'\0','\0','\0','\0','\0','\0','1996-10-04 00:00:00','\0','','\0','\0','\0','\0','\0','\0','\0','\0','Secrets & Lies (1996)','\0','\0','\0'),(286,'\0','\0','\0','\0','\0','\0','1996-11-15 00:00:00','\0','','\0','\0','\0','\0','\0','','\0','\0','English Patient, The (1996)','\0','','\0'),(287,'\0','\0','\0','\0','\0','\0','1996-12-18 00:00:00','\0','','\0','\0','\0','\0','\0','\0','\0','\0','Marvin\'s Room (1996)','\0','\0','\0'),(288,'\0','\0','\0','\0','\0','\0','1996-12-20 00:00:00','\0','\0','\0','\0','','\0','\0','\0','\0','','Scream (1996)','\0','\0','\0'),(289,'\0','\0','\0','\0','\0','\0','1996-12-25 00:00:00','\0','','\0','\0','\0','','\0','\0','\0','\0','Evita (1996)','\0','\0','\0'),(290,'\0','\0','\0','\0','','\0','1997-01-10 00:00:00','\0','\0','\0','\0','\0','\0','\0','\0','\0','\0','Fierce Creatures (1997)','\0','\0','\0'),(291,'\0','\0','\0','\0','\0','\0','1997-02-14 00:00:00','\0','\0','\0','\0','\0','\0','','\0','\0','','Absolute Power (1997)','\0','\0','\0'),(292,'\0','\0','\0','\0','\0','\0','1997-02-21 00:00:00','\0','','\0','\0','\0','\0','\0','\0','\0','\0','Rosewood (1997)','\0','\0','\0'),(293,'\0','\0','\0','\0','\0','','1997-02-28 00:00:00','\0','','\0','\0','\0','\0','\0','\0','\0','\0','Donnie Brasco (1997)','\0','\0','\0'),(294,'\0','\0','\0','\0','','\0','1997-03-21 00:00:00','\0','\0','\0','\0','\0','\0','\0','\0','\0','\0','Liar Liar (1997)','\0','\0','\0'),(295,'','\0','\0','\0','\0','\0','1997-05-02 00:00:00','\0','\0','\0','\0','\0','\0','\0','\0','\0','','Breakdown (1997)','\0','\0','\0'),(296,'\0','\0','\0','\0','\0','\0','1997-05-16 00:00:00','\0','','\0','\0','\0','\0','\0','\0','\0','\0','Promesse, La (1996)','\0','\0','\0'),(297,'\0','\0','\0','\0','\0','\0','1997-01-01 00:00:00','\0','','\0','\0','\0','\0','\0','\0','\0','\0','Ulee\'s Gold (1997)','\0','\0','\0'),(298,'','\0','\0','\0','\0','\0','1997-06-27 00:00:00','\0','\0','\0','\0','\0','\0','\0','\0','','','Face/Off (1997)','\0','\0','\0'),(299,'\0','\0','\0','\0','\0','','1997-08-22 00:00:00','\0','','\0','','\0','\0','\0','\0','\0','\0','Hoodlum (1997)','\0','\0','\0'),(300,'','\0','\0','\0','\0','\0','1997-01-01 00:00:00','\0','\0','\0','\0','\0','\0','\0','\0','\0','','Air Force One (1997)','\0','\0','\0'),(301,'\0','\0','\0','\0','','\0','1997-09-19 00:00:00','\0','\0','\0','\0','\0','\0','\0','\0','\0','\0','In & Out (1997)','\0','\0','\0'),(302,'\0','\0','\0','\0','\0','','1997-01-01 00:00:00','\0','\0','\0','','\0','\0','','\0','\0','','L.A. Confidential (1997)','\0','\0','\0'),(303,'\0','\0','\0','\0','\0','\0','1997-01-01 00:00:00','\0','','\0','\0','\0','\0','\0','\0','\0','\0','Ulee\'s Gold (1997)','\0','\0','\0'),(304,'\0','','\0','','\0','\0','1996-09-13 00:00:00','\0','\0','\0','\0','\0','\0','\0','\0','\0','\0','Fly Away Home (1996)','\0','\0','\0'),(305,'\0','\0','\0','\0','\0','\0','1997-01-01 00:00:00','\0','','\0','\0','\0','\0','\0','\0','\0','\0','Ice Storm, The (1997)','\0','\0','\0'),(306,'\0','\0','\0','\0','\0','\0','1997-01-01 00:00:00','\0','','\0','\0','\0','\0','\0','','\0','\0','Mrs. Brown (Her Majesty, Mrs. Brown) (1997)','\0','\0','\0'),(307,'\0','\0','\0','\0','\0','','1997-01-01 00:00:00','\0','\0','\0','\0','','\0','','\0','\0','','Devil\'s Advocate, The (1997)','\0','\0','\0'),(308,'\0','\0','\0','','\0','\0','1997-01-01 00:00:00','\0','','','\0','\0','\0','\0','\0','\0','\0','FairyTale: A True Story (1997)','\0','\0','\0'),(309,'\0','\0','\0','\0','\0','','1997-01-01 00:00:00','\0','\0','\0','\0','\0','\0','\0','\0','\0','\0','Deceiver (1997)','\0','\0','\0'),(310,'\0','\0','\0','\0','\0','\0','1997-01-01 00:00:00','\0','','\0','\0','\0','\0','\0','\0','\0','\0','Rainmaker, The (1997)','\0','\0','\0'),(311,'\0','\0','\0','\0','\0','\0','1997-01-01 00:00:00','\0','','\0','\0','\0','\0','\0','','\0','','Wings of the Dove, The (1997)','\0','\0','\0'),(312,'\0','\0','\0','\0','','','1997-01-01 00:00:00','\0','','\0','\0','\0','\0','','\0','\0','\0','Midnight in the Garden of Good and Evil (1997)','\0','\0','\0'),(313,'','\0','\0','\0','\0','\0','1997-01-01 00:00:00','\0','','\0','\0','\0','\0','\0','','\0','\0','Titanic (1997)','\0','\0','\0'),(314,'','\0','\0','','\0','\0','1997-01-01 00:00:00','\0','\0','\0','\0','\0','\0','\0','\0','\0','\0','3 Ninjas: High Noon At Mega Mountain (1998)','\0','\0','\0'),(315,'\0','\0','\0','\0','\0','\0','1998-10-23 00:00:00','\0','','\0','\0','\0','\0','\0','\0','\0','','Apt Pupil (1998)','\0','\0','\0'),(316,'\0','\0','\0','\0','','\0','1997-12-23 00:00:00','\0','','\0','\0','\0','\0','\0','\0','\0','\0','As Good As It Gets (1997)','\0','\0','\0'),(317,'\0','\0','\0','\0','\0','\0','1993-01-01 00:00:00','\0','','\0','\0','\0','\0','\0','\0','\0','\0','In the Name of the Father (1993)','\0','\0','\0'),(318,'\0','\0','\0','\0','\0','\0','1993-01-01 00:00:00','\0','','\0','\0','\0','\0','\0','\0','\0','\0','Schindler\'s List (1993)','\0','','\0'),(319,'\0','\0','\0','\0','','\0','1996-12-06 00:00:00','\0','\0','\0','\0','\0','','\0','','\0','\0','Everyone Says I Love You (1996)','\0','\0','\0'),(320,'\0','\0','\0','\0','\0','\0','1996-12-06 00:00:00','','\0','\0','\0','\0','\0','\0','\0','\0','\0','Paradise Lost: The Child Murders at Robin Hood Hills (1996)','\0','\0','\0'),(321,'\0','\0','\0','\0','','\0','1996-12-25 00:00:00','\0','\0','\0','\0','\0','\0','\0','\0','\0','\0','Mother (1996)','\0','\0','\0'),(322,'\0','\0','\0','\0','\0','\0','1997-04-18 00:00:00','\0','\0','\0','\0','\0','\0','','\0','\0','','Murder at 1600 (1997)','\0','\0','\0'),(323,'','\0','\0','\0','\0','\0','1997-02-07 00:00:00','\0','\0','\0','\0','\0','\0','\0','\0','\0','','Dante\'s Peak (1997)','\0','\0','\0'),(324,'\0','\0','\0','\0','\0','\0','1997-02-21 00:00:00','\0','\0','\0','\0','\0','\0','','\0','\0','\0','Lost Highway (1997)','\0','\0','\0'),(325,'\0','\0','\0','\0','\0','\0','1997-03-21 00:00:00','\0','','\0','\0','\0','\0','\0','\0','\0','','Crash (1996)','\0','\0','\0'),(326,'','\0','\0','\0','\0','\0','1997-01-01 00:00:00','\0','','\0','\0','\0','\0','\0','\0','\0','\0','G.I. Jane (1997)','\0','','\0'),(327,'\0','\0','\0','\0','\0','','1997-01-01 00:00:00','\0','','\0','\0','\0','\0','','\0','\0','\0','Cop Land (1997)','\0','\0','\0'),(328,'','\0','\0','\0','\0','\0','1997-08-08 00:00:00','\0','\0','\0','\0','\0','\0','','','\0','','Conspiracy Theory (1997)','\0','\0','\0'),(329,'\0','\0','\0','\0','\0','','1998-01-30 00:00:00','\0','','\0','\0','\0','\0','\0','\0','\0','','Desperate Measures (1998)','\0','\0','\0'),(330,'\0','\0','\0','\0','\0','\0','1997-01-01 00:00:00','\0','','\0','\0','\0','\0','\0','\0','\0','\0','187 (1997)','\0','\0','\0'),(331,'\0','','\0','\0','\0','\0','1997-09-26 00:00:00','\0','\0','\0','\0','\0','\0','\0','\0','\0','','Edge, The (1997)','\0','\0','\0'),(332,'\0','\0','\0','\0','\0','','1997-01-01 00:00:00','\0','','\0','\0','\0','\0','\0','\0','\0','','Kiss the Girls (1997)','\0','\0','\0'),(333,'\0','\0','\0','\0','\0','\0','1997-01-01 00:00:00','\0','\0','\0','\0','\0','\0','','\0','\0','','Game, The (1997)','\0','\0','\0'),(334,'','\0','\0','\0','\0','','1997-01-01 00:00:00','\0','\0','\0','\0','\0','\0','','\0','\0','\0','U Turn (1997)','\0','\0','\0'),(335,'\0','\0','\0','\0','','\0','1997-01-01 00:00:00','\0','\0','\0','\0','\0','\0','\0','\0','\0','\0','How to Be a Player (1997)','\0','\0','\0'),(336,'\0','\0','\0','\0','\0','','1997-01-01 00:00:00','\0','\0','\0','\0','\0','\0','\0','\0','\0','','Playing God (1997)','\0','\0','\0'),(337,'\0','\0','\0','\0','','\0','1997-01-01 00:00:00','\0','','\0','\0','\0','\0','\0','\0','\0','','House of Yes, The (1997)','\0','\0','\0'),(338,'\0','\0','\0','\0','','\0','1997-01-01 00:00:00','\0','\0','\0','\0','\0','\0','\0','\0','\0','\0','Bean (1997)','\0','\0','\0'),(339,'','\0','\0','\0','\0','\0','1997-01-01 00:00:00','\0','','\0','\0','\0','\0','\0','\0','\0','\0','Mad City (1997)','\0','\0','\0'),(340,'\0','\0','\0','\0','\0','\0','1997-01-01 00:00:00','\0','','\0','\0','\0','\0','\0','\0','\0','\0','Boogie Nights (1997)','\0','\0','\0'),(341,'\0','\0','\0','\0','','\0','1997-01-01 00:00:00','\0','\0','\0','\0','\0','\0','\0','\0','\0','\0','Critical Care (1997)','\0','\0','\0'),(342,'\0','\0','\0','\0','','\0','1997-01-01 00:00:00','\0','\0','\0','\0','\0','\0','','\0','\0','\0','Man Who Knew Too Little, The (1997)','\0','\0','\0'),(343,'','\0','\0','\0','\0','\0','1997-01-01 00:00:00','\0','\0','\0','\0','','\0','\0','\0','','\0','Alien: Resurrection (1997)','\0','\0','\0'),(344,'\0','\0','\0','\0','\0','\0','1997-12-18 00:00:00','\0','','\0','\0','\0','\0','\0','\0','\0','\0','Apostle, The (1997)','\0','\0','\0'),(345,'\0','\0','\0','\0','','\0','1997-01-01 00:00:00','\0','','\0','\0','\0','\0','\0','\0','\0','\0','Deconstructing Harry (1997)','\0','\0','\0'),(346,'\0','\0','\0','\0','\0','','1997-01-01 00:00:00','\0','','\0','\0','\0','\0','\0','\0','\0','\0','Jackie Brown (1997)','\0','\0','\0'),(347,'\0','\0','\0','\0','','\0','1998-01-09 00:00:00','\0','','\0','\0','\0','\0','\0','\0','\0','\0','Wag the Dog (1997)','\0','\0','\0'),(348,'\0','\0','\0','\0','\0','','1998-01-30 00:00:00','\0','','\0','\0','\0','\0','\0','\0','\0','','Desperate Measures (1998)','\0','\0','\0'),(349,'','\0','\0','\0','\0','\0','1998-01-16 00:00:00','\0','\0','\0','\0','\0','\0','\0','\0','\0','','Hard Rain (1998)','\0','\0','\0'),(350,'','\0','\0','\0','\0','\0','1998-01-16 00:00:00','\0','\0','\0','\0','\0','\0','','\0','\0','','Fallen (1998)','\0','\0','\0'),(351,'\0','\0','\0','\0','\0','\0','1998-01-16 00:00:00','\0','\0','\0','\0','','\0','\0','\0','\0','\0','Prophecy II, The (1998)','\0','\0','\0'),(352,'\0','\0','\0','\0','','\0','1997-01-01 00:00:00','\0','\0','\0','\0','\0','','\0','\0','\0','\0','Spice World (1997)','\0','\0','\0'),(353,'','\0','\0','\0','\0','\0','1998-01-30 00:00:00','\0','\0','\0','\0','','\0','\0','\0','','\0','Deep Rising (1998)','\0','\0','\0'),(354,'\0','\0','\0','\0','','\0','1998-02-13 00:00:00','\0','\0','\0','\0','\0','\0','\0','','\0','\0','Wedding Singer, The (1998)','\0','\0','\0'),(355,'\0','','\0','\0','\0','\0','1998-02-13 00:00:00','\0','\0','\0','\0','\0','\0','\0','\0','','','Sphere (1998)','\0','\0','\0'),(356,'\0','\0','\0','\0','\0','\0','1994-01-01 00:00:00','\0','','\0','\0','\0','\0','','\0','\0','','Client, The (1994)','\0','\0','\0'),(357,'\0','\0','\0','\0','\0','\0','1975-01-01 00:00:00','\0','','\0','\0','\0','\0','\0','\0','\0','\0','One Flew Over the Cuckoo\'s Nest (1975)','\0','\0','\0'),(358,'','','\0','\0','\0','\0','1997-08-01 00:00:00','\0','\0','\0','\0','\0','\0','\0','\0','','','Spawn (1997)','\0','\0','\0'),(359,'\0','\0','\0','\0','\0','\0','1997-01-01 00:00:00','\0','\0','\0','\0','\0','\0','\0','\0','\0','','Assignment, The (1997)','\0','\0','\0'),(360,'\0','\0','\0','\0','\0','\0','1997-01-01 00:00:00','','\0','\0','\0','\0','\0','\0','\0','\0','\0','Wonderland (1997)','\0','\0','\0'),(361,'\0','\0','\0','\0','\0','','1997-01-01 00:00:00','\0','\0','\0','\0','\0','\0','\0','\0','\0','','Incognito (1997)','\0','\0','\0'),(362,'','\0','\0','\0','','\0','1998-02-06 00:00:00','\0','\0','\0','\0','\0','','\0','\0','\0','\0','Blues Brothers 2000 (1998)','\0','\0','\0'),(363,'','\0','\0','\0','\0','\0','1995-01-01 00:00:00','\0','\0','\0','\0','\0','\0','\0','\0','\0','\0','Sudden Death (1995)','\0','\0','\0'),(364,'\0','\0','\0','\0','','\0','1995-01-01 00:00:00','\0','\0','\0','\0','\0','\0','\0','\0','\0','\0','Ace Ventura: When Nature Calls (1995)','\0','\0','\0'),(365,'\0','\0','\0','\0','\0','\0','1995-01-01 00:00:00','\0','','\0','\0','\0','\0','\0','\0','\0','\0','Powder (1995)','\0','\0','\0'),(366,'\0','\0','\0','\0','\0','\0','1995-01-01 00:00:00','\0','','\0','\0','\0','\0','\0','\0','\0','\0','Dangerous Minds (1995)','\0','\0','\0'),(367,'\0','\0','\0','\0','','\0','1995-01-01 00:00:00','\0','\0','\0','\0','\0','\0','\0','\0','\0','\0','Clueless (1995)','\0','\0','\0'),(368,'\0','\0','\0','\0','','\0','1996-01-01 00:00:00','\0','\0','\0','\0','\0','\0','\0','\0','\0','\0','Bio-Dome (1996)','\0','\0','\0'),(369,'\0','\0','\0','\0','','\0','1996-02-02 00:00:00','\0','\0','\0','\0','\0','\0','\0','\0','\0','\0','Black Sheep (1996)','\0','\0','\0'),(370,'\0','\0','\0','\0','\0','\0','1996-02-23 00:00:00','\0','','\0','\0','\0','\0','\0','\0','\0','','Mary Reilly (1996)','\0','\0','\0'),(371,'\0','\0','\0','\0','\0','\0','1996-02-09 00:00:00','\0','','\0','\0','\0','\0','\0','','\0','\0','Bridges of Madison County, The (1995)','\0','\0','\0'),(372,'\0','\0','\0','\0','','\0','1995-01-01 00:00:00','\0','\0','\0','\0','\0','\0','\0','\0','\0','\0','Jeffrey (1995)','\0','\0','\0'),(373,'','','\0','\0','\0','\0','1995-01-01 00:00:00','\0','\0','\0','\0','\0','\0','\0','\0','','\0','Judge Dredd (1995)','\0','\0','\0'),(374,'','\0','\0','','\0','\0','1995-01-01 00:00:00','\0','\0','\0','\0','\0','\0','\0','\0','\0','\0','Mighty Morphin Power Rangers: The Movie (1995)','\0','\0','\0'),(375,'\0','\0','\0','\0','\0','\0','1995-01-01 00:00:00','\0','','\0','\0','\0','\0','\0','\0','\0','\0','Showgirls (1995)','\0','\0','\0'),(376,'\0','\0','\0','\0','','\0','1994-01-01 00:00:00','\0','\0','\0','\0','\0','\0','\0','\0','\0','\0','Houseguest (1994)','\0','\0','\0'),(377,'\0','\0','\0','','','\0','1994-01-01 00:00:00','\0','\0','\0','\0','\0','\0','\0','\0','\0','\0','Heavyweights (1994)','\0','\0','\0'),(378,'\0','\0','\0','\0','\0','\0','1994-01-01 00:00:00','\0','','\0','\0','\0','\0','\0','\0','\0','\0','Miracle on 34th Street (1994)','\0','\0','\0'),(379,'\0','\0','\0','\0','\0','\0','1995-01-01 00:00:00','\0','\0','\0','\0','','\0','\0','\0','\0','\0','Tales From the Crypt Presents: Demon Knight (1995)','\0','\0','\0'),(380,'','','\0','\0','\0','\0','1994-01-01 00:00:00','\0','\0','\0','\0','\0','\0','\0','\0','','\0','Star Trek: Generations (1994)','\0','\0','\0'),(381,'\0','\0','\0','\0','','\0','1994-01-01 00:00:00','\0','\0','\0','\0','\0','\0','\0','','\0','\0','Muriel\'s Wedding (1994)','\0','\0','\0'),(382,'\0','\0','\0','\0','','\0','1994-01-01 00:00:00','\0','','\0','\0','\0','\0','\0','\0','\0','\0','Adventures of Priscilla, Queen of the Desert, The (1994)','\0','\0','\0'),(383,'\0','\0','\0','','','\0','1994-01-01 00:00:00','\0','\0','\0','\0','\0','\0','\0','\0','\0','\0','Flintstones, The (1994)','\0','\0','\0'),(384,'\0','\0','\0','\0','','\0','1994-01-01 00:00:00','\0','\0','\0','\0','\0','\0','\0','\0','\0','\0','Naked Gun 33 1/3: The Final Insult (1994)','\0','\0','\0'),(385,'','','\0','\0','','\0','1994-01-01 00:00:00','\0','\0','\0','\0','\0','\0','\0','','\0','\0','True Lies (1994)','\0','\0','\0'),(386,'\0','\0','\0','\0','','\0','1993-01-01 00:00:00','\0','\0','\0','\0','\0','\0','\0','\0','\0','\0','Addams Family Values (1993)','\0','\0','\0'),(387,'\0','\0','\0','\0','\0','\0','1993-01-01 00:00:00','\0','','\0','\0','\0','\0','\0','\0','\0','\0','Age of Innocence, The (1993)','\0','\0','\0'),(388,'','\0','\0','\0','','\0','1994-01-01 00:00:00','\0','\0','\0','\0','\0','\0','\0','\0','\0','\0','Beverly Hills Cop III (1994)','\0','\0','\0'),(389,'\0','','\0','','\0','\0','1994-01-01 00:00:00','\0','\0','\0','\0','\0','\0','\0','\0','\0','\0','Black Beauty (1994)','\0','\0','\0'),(390,'\0','\0','\0','\0','','\0','1993-01-01 00:00:00','\0','\0','\0','\0','\0','\0','\0','\0','\0','\0','Fear of a Black Hat (1993)','\0','\0','\0'),(391,'','\0','\0','\0','','\0','1993-01-01 00:00:00','\0','\0','\0','\0','\0','\0','\0','\0','\0','\0','Last Action Hero (1993)','\0','\0','\0'),(392,'\0','\0','\0','\0','\0','\0','1993-01-01 00:00:00','\0','','\0','\0','\0','\0','\0','\0','\0','\0','Man Without a Face, The (1993)','\0','\0','\0'),(393,'\0','\0','\0','\0','','\0','1993-01-01 00:00:00','\0','\0','\0','\0','\0','\0','\0','\0','\0','\0','Mrs. Doubtfire (1993)','\0','\0','\0'),(394,'\0','\0','\0','\0','','\0','1994-01-01 00:00:00','\0','\0','\0','\0','\0','\0','','','\0','\0','Radioland Murders (1994)','\0','\0','\0'),(395,'\0','\0','\0','\0','','\0','1993-01-01 00:00:00','\0','\0','\0','\0','\0','\0','\0','\0','\0','\0','Robin Hood: Men in Tights (1993)','\0','\0','\0'),(396,'\0','\0','\0','\0','','','1994-01-01 00:00:00','\0','\0','\0','\0','','\0','\0','\0','\0','\0','Serial Mom (1994)','\0','\0','\0'),(397,'','\0','\0','\0','\0','\0','1993-01-01 00:00:00','\0','\0','\0','\0','\0','\0','\0','\0','\0','\0','Striking Distance (1993)','\0','\0','\0'),(398,'','','\0','','\0','\0','1993-01-01 00:00:00','\0','\0','\0','\0','\0','\0','\0','\0','','\0','Super Mario Bros. (1993)','\0','\0','\0'),(399,'','','\0','\0','','\0','1993-01-01 00:00:00','\0','\0','\0','\0','\0','\0','\0','\0','\0','\0','Three Musketeers, The (1993)','\0','\0','\0'),(400,'\0','\0','\0','','','\0','1994-01-01 00:00:00','\0','\0','\0','\0','\0','\0','\0','\0','\0','\0','Little Rascals, The (1994)','\0','\0','\0'),(401,'\0','\0','\0','\0','','\0','1995-01-01 00:00:00','\0','\0','\0','\0','\0','\0','\0','\0','\0','\0','Brady Bunch Movie, The (1995)','\0','\0','\0'),(402,'\0','\0','\0','\0','','\0','1990-01-01 00:00:00','\0','\0','\0','\0','\0','\0','\0','','\0','','Ghost (1990)','\0','\0','\0'),(403,'','','\0','\0','\0','','1989-01-01 00:00:00','\0','','\0','\0','\0','\0','\0','\0','\0','\0','Batman (1989)','\0','\0','\0'),(404,'\0','\0','','','\0','\0','1940-01-01 00:00:00','\0','\0','\0','\0','\0','\0','\0','\0','\0','\0','Pinocchio (1940)','\0','\0','\0'),(405,'','','\0','\0','\0','\0','1996-05-22 00:00:00','\0','\0','\0','\0','\0','\0','','\0','\0','\0','Mission: Impossible (1996)','\0','\0','\0'),(406,'\0','\0','\0','\0','\0','\0','1996-10-25 00:00:00','\0','\0','\0','\0','','\0','\0','\0','\0','','Thinner (1996)','\0','\0','\0'),(407,'\0','\0','\0','\0','','\0','1996-05-24 00:00:00','\0','\0','\0','\0','\0','\0','\0','\0','\0','\0','Spy Hard (1996)','\0','\0','\0'),(408,'\0','\0','','\0','','\0','1996-04-28 00:00:00','\0','\0','\0','\0','\0','\0','\0','\0','\0','','Close Shave, A (1995)','\0','\0','\0'),(409,'\0','\0','\0','\0','','\0','1996-08-07 00:00:00','\0','','\0','\0','\0','\0','\0','\0','\0','\0','Jack (1996)','\0','\0','\0'),(410,'\0','\0','\0','\0','','\0','1996-07-12 00:00:00','\0','\0','\0','\0','\0','\0','\0','\0','\0','\0','Kingpin (1996)','\0','\0','\0'),(411,'\0','\0','\0','\0','','\0','1996-06-28 00:00:00','\0','\0','','\0','\0','\0','\0','','','\0','Nutty Professor, The (1996)','\0','\0','\0'),(412,'\0','\0','\0','\0','','\0','1996-08-23 00:00:00','\0','\0','\0','\0','\0','\0','\0','\0','\0','\0','Very Brady Sequel, A (1996)','\0','\0','\0'),(413,'\0','\0','\0','\0','\0','\0','1996-07-19 00:00:00','\0','\0','\0','\0','','\0','\0','\0','\0','\0','Tales from the Crypt Presents: Bordello of Blood (1996)','\0','\0','\0'),(414,'\0','\0','\0','\0','','\0','1982-01-01 00:00:00','\0','\0','\0','\0','\0','\0','\0','\0','\0','\0','My Favorite Year (1982)','\0','\0','\0'),(415,'\0','\0','\0','','','\0','1975-01-01 00:00:00','\0','\0','\0','\0','\0','\0','\0','\0','\0','\0','Apple Dumpling Gang, The (1975)','\0','\0',''),(416,'\0','\0','\0','','\0','\0','1957-01-01 00:00:00','\0','','\0','\0','\0','\0','\0','\0','\0','\0','Old Yeller (1957)','\0','\0','\0'),(417,'\0','\0','\0','','\0','\0','1961-01-01 00:00:00','\0','','\0','\0','\0','\0','\0','\0','\0','\0','Parent Trap, The (1961)','\0','\0','\0'),(418,'\0','\0','','','\0','\0','1950-01-01 00:00:00','\0','\0','\0','\0','\0','','\0','\0','\0','\0','Cinderella (1950)','\0','\0','\0'),(419,'\0','\0','\0','','','\0','1964-01-01 00:00:00','\0','\0','\0','\0','\0','','\0','\0','\0','\0','Mary Poppins (1964)','\0','\0','\0'),(420,'\0','\0','','','\0','\0','1951-01-01 00:00:00','\0','\0','\0','\0','\0','','\0','\0','\0','\0','Alice in Wonderland (1951)','\0','\0','\0'),(421,'\0','\0','\0','\0','\0','\0','1996-10-25 00:00:00','\0','','\0','\0','\0','\0','\0','','\0','\0','William Shakespeare\'s Romeo and Juliet (1996)','\0','\0','\0'),(422,'\0','\0','','','','\0','1996-01-01 00:00:00','\0','\0','\0','\0','\0','\0','\0','\0','\0','\0','Aladdin and the King of Thieves (1996)','\0','\0','\0'),(423,'\0','\0','\0','','\0','\0','1982-01-01 00:00:00','\0','','','\0','\0','\0','\0','\0','','\0','E.T. the Extra-Terrestrial (1982)','\0','\0','\0'),(424,'\0','\0','\0','\0','\0','\0','1996-01-01 00:00:00','\0','\0','\0','\0','','\0','\0','\0','\0','\0','Children of the Corn: The Gathering (1996)','\0','\0','\0'),(425,'\0','\0','\0','\0','','\0','1992-01-01 00:00:00','\0','\0','\0','\0','\0','\0','\0','\0','\0','\0','Bob Roberts (1992)','\0','\0','\0'),(426,'','\0','','','\0','\0','1986-01-01 00:00:00','\0','\0','\0','\0','\0','\0','\0','\0','','','Transformers: The Movie, The (1986)','\0','','\0'),(427,'\0','\0','\0','\0','\0','\0','1962-01-01 00:00:00','\0','','\0','\0','\0','\0','\0','\0','\0','\0','To Kill a Mockingbird (1962)','\0','\0','\0'),(428,'\0','\0','\0','\0','','\0','1971-01-01 00:00:00','\0','\0','\0','\0','\0','\0','\0','\0','\0','\0','Harold and Maude (1971)','\0','\0','\0'),(429,'\0','\0','\0','\0','\0','\0','1951-01-01 00:00:00','\0','','\0','\0','\0','\0','\0','\0','','\0','Day the Earth Stood Still, The (1951)','\0','\0','\0'),(430,'\0','\0','\0','\0','','\0','2033-01-01 00:00:00','\0','\0','\0','\0','\0','\0','\0','\0','\0','\0','Duck Soup (1933)','\0','','\0'),(431,'','','\0','\0','\0','\0','1986-01-01 00:00:00','\0','\0','\0','\0','\0','\0','\0','\0','\0','\0','Highlander (1986)','\0','\0','\0'),(432,'\0','\0','','','\0','\0','1940-01-01 00:00:00','\0','\0','\0','\0','\0','','\0','\0','\0','\0','Fantasia (1940)','\0','\0','\0'),(433,'\0','\0','\0','\0','','\0','1989-01-01 00:00:00','\0','\0','\0','\0','\0','\0','\0','\0','\0','\0','Heathers (1989)','\0','\0','\0'),(434,'\0','\0','\0','\0','\0','\0','1956-01-01 00:00:00','\0','\0','\0','\0','\0','\0','\0','\0','','\0','Forbidden Planet (1956)','\0','\0','\0'),(435,'','\0','\0','\0','','\0','1969-01-01 00:00:00','\0','\0','\0','\0','\0','\0','\0','\0','\0','\0','Butch Cassidy and the Sundance Kid (1969)','\0','\0',''),(436,'\0','\0','\0','\0','\0','\0','1981-01-01 00:00:00','\0','\0','\0','\0','','\0','\0','\0','\0','\0','American Werewolf in London, An (1981)','\0','\0','\0'),(437,'\0','\0','\0','\0','\0','\0','1992-01-01 00:00:00','\0','\0','\0','\0','','\0','\0','\0','\0','\0','Amityville 1992: It\'s About Time (1992)','\0','\0','\0'),(438,'\0','\0','\0','\0','\0','\0','1983-01-01 00:00:00','\0','\0','\0','\0','','\0','\0','\0','\0','\0','Amityville 3-D (1983)','\0','\0','\0'),(439,'\0','\0','\0','\0','\0','\0','1993-01-01 00:00:00','\0','\0','\0','\0','','\0','\0','\0','\0','\0','Amityville: A New Generation (1993)','\0','\0','\0'),(440,'\0','\0','\0','\0','\0','\0','1982-01-01 00:00:00','\0','\0','\0','\0','','\0','\0','\0','\0','\0','Amityville II: The Possession (1982)','\0','\0','\0'),(441,'\0','\0','\0','\0','\0','\0','1979-01-01 00:00:00','\0','\0','\0','\0','','\0','\0','\0','\0','\0','Amityville Horror, The (1979)','\0','\0','\0'),(442,'\0','\0','\0','\0','\0','\0','1990-01-01 00:00:00','\0','\0','\0','\0','','\0','\0','\0','\0','\0','Amityville Curse, The (1990)','\0','\0','\0'),(443,'\0','\0','\0','\0','\0','\0','1963-01-01 00:00:00','\0','\0','\0','\0','','\0','\0','\0','\0','\0','Birds, The (1963)','\0','\0','\0'),(444,'\0','\0','\0','\0','\0','\0','1958-01-01 00:00:00','\0','\0','\0','\0','','\0','\0','\0','','\0','Blob, The (1958)','\0','\0','\0'),(445,'\0','\0','\0','\0','\0','\0','1945-01-01 00:00:00','\0','\0','\0','\0','','\0','\0','\0','\0','\0','Body Snatcher, The (1945)','\0','\0','\0'),(446,'\0','\0','\0','\0','\0','\0','1976-01-01 00:00:00','\0','\0','\0','\0','','\0','\0','\0','\0','\0','Burnt Offerings (1976)','\0','\0','\0'),(447,'\0','\0','\0','\0','\0','\0','1976-01-01 00:00:00','\0','\0','\0','\0','','\0','\0','\0','\0','\0','Carrie (1976)','\0','\0','\0'),(448,'\0','\0','\0','\0','\0','\0','1976-01-01 00:00:00','\0','\0','\0','\0','','\0','\0','\0','\0','\0','Omen, The (1976)','\0','\0','\0'),(449,'','','\0','\0','\0','\0','1979-01-01 00:00:00','\0','\0','\0','\0','\0','\0','\0','\0','','\0','Star Trek: The Motion Picture (1979)','\0','\0','\0'),(450,'','','\0','\0','\0','\0','1989-01-01 00:00:00','\0','\0','\0','\0','\0','\0','\0','\0','','\0','Star Trek V: The Final Frontier (1989)','\0','\0','\0'),(451,'\0','\0','\0','\0','','\0','1978-01-01 00:00:00','\0','\0','\0','\0','\0','','\0','','\0','\0','Grease (1978)','\0','\0','\0'),(452,'','\0','\0','\0','\0','\0','1978-01-01 00:00:00','\0','\0','\0','\0','','\0','\0','\0','\0','\0','Jaws 2 (1978)','\0','\0','\0'),(453,'','\0','\0','\0','\0','\0','1983-01-01 00:00:00','\0','\0','\0','\0','','\0','\0','\0','\0','\0','Jaws 3-D (1983)','\0','\0','\0'),(454,'\0','\0','\0','\0','\0','\0','1996-12-15 00:00:00','\0','','\0','\0','\0','\0','\0','\0','\0','\0','Bastard Out of Carolina (1996)','\0','\0','\0'),(455,'','\0','\0','\0','\0','\0','1997-01-10 00:00:00','\0','\0','\0','\0','\0','\0','\0','\0','\0','\0','Jackie Chan\'s First Strike (1996)','\0','\0','\0'),(456,'','\0','\0','\0','','\0','1997-01-17 00:00:00','\0','\0','\0','\0','\0','\0','\0','\0','\0','\0','Beverly Hills Ninja (1997)','\0','\0','\0'),(457,'\0','','\0','','\0','\0','1997-08-08 00:00:00','\0','','\0','\0','\0','\0','\0','\0','\0','\0','Free Willy 3: The Rescue (1997)','\0','\0','\0'),(458,'\0','\0','\0','\0','\0','\0','1995-01-01 00:00:00','\0','','\0','\0','\0','\0','\0','\0','\0','\0','Nixon (1995)','\0','\0','\0'),(459,'\0','\0','\0','\0','\0','\0','1995-01-01 00:00:00','\0','','\0','\0','\0','\0','\0','\0','\0','\0','Cry, the Beloved Country (1995)','\0','\0','\0'),(460,'\0','\0','\0','\0','\0','\0','1995-01-01 00:00:00','\0','','\0','\0','\0','\0','\0','\0','\0','\0','Crossing Guard, The (1995)','\0','\0','\0'),(461,'\0','\0','\0','\0','\0','\0','1995-01-01 00:00:00','\0','','\0','\0','\0','\0','\0','\0','\0','\0','Smoke (1995)','\0','\0','\0'),(462,'\0','\0','\0','\0','\0','\0','1992-01-01 00:00:00','\0','','\0','\0','\0','\0','\0','','\0','\0','Like Water For Chocolate (Como agua para chocolate) (1992)','\0','\0','\0'),(463,'\0','','\0','\0','\0','\0','1994-01-01 00:00:00','\0','\0','\0','\0','\0','\0','\0','\0','\0','\0','Secret of Roan Inish, The (1994)','\0','\0','\0'),(464,'\0','\0','\0','\0','\0','\0','1994-01-01 00:00:00','\0','','\0','\0','\0','\0','\0','\0','\0','\0','Vanya on 42nd Street (1994)','\0','\0','\0'),(465,'\0','','\0','','\0','\0','1994-01-01 00:00:00','\0','\0','\0','\0','\0','\0','\0','','\0','\0','Jungle Book, The (1994)','\0','\0','\0'),(466,'\0','\0','\0','\0','\0','\0','1992-01-01 00:00:00','\0','\0','\0','\0','\0','\0','\0','\0','\0','','Red Rock West (1992)','\0','\0','\0'),(467,'\0','\0','\0','\0','\0','\0','1993-01-01 00:00:00','\0','','\0','\0','\0','\0','\0','\0','\0','\0','Bronx Tale, A (1993)','\0','\0','\0'),(468,'\0','\0','\0','\0','\0','\0','1993-01-01 00:00:00','\0','','\0','\0','\0','\0','\0','\0','\0','\0','Rudy (1993)','\0','\0','\0'),(469,'\0','\0','\0','\0','\0','\0','1993-01-01 00:00:00','\0','','\0','\0','\0','\0','\0','\0','\0','\0','Short Cuts (1993)','\0','\0','\0'),(470,'\0','\0','\0','\0','\0','\0','1993-01-01 00:00:00','\0','\0','\0','\0','\0','\0','\0','\0','\0','\0','Tombstone (1993)','\0','\0',''),(471,'\0','\0','\0','\0','\0','\0','1996-03-08 00:00:00','\0','','\0','\0','\0','\0','\0','\0','\0','\0','Courage Under Fire (1996)','\0','','\0'),(472,'','','\0','\0','\0','\0','1996-05-31 00:00:00','\0','\0','','\0','\0','\0','\0','\0','\0','\0','Dragonheart (1996)','\0','\0','\0'),(473,'\0','\0','','','\0','\0','1996-04-12 00:00:00','\0','\0','\0','\0','\0','','\0','\0','\0','\0','James and the Giant Peach (1996)','\0','\0','\0'),(474,'\0','\0','\0','\0','\0','\0','1963-01-01 00:00:00','\0','\0','\0','\0','\0','\0','\0','\0','','\0','Dr. Strangelove or: How I Learned to Stop Worrying and Love the Bomb (1963)','\0','','\0'),(475,'\0','\0','\0','\0','\0','\0','1996-07-19 00:00:00','\0','','\0','\0','\0','\0','\0','\0','\0','\0','Trainspotting (1996)','\0','\0','\0'),(476,'\0','\0','\0','\0','','\0','1996-09-14 00:00:00','\0','\0','\0','\0','\0','\0','\0','\0','\0','\0','First Wives Club, The (1996)','\0','\0','\0'),(477,'\0','\0','\0','','','\0','1996-08-02 00:00:00','\0','\0','\0','\0','\0','\0','\0','\0','\0','\0','Matilda (1996)','\0','\0','\0'),(478,'\0','\0','\0','\0','','\0','1940-01-01 00:00:00','\0','\0','\0','\0','\0','\0','\0','','\0','\0','Philadelphia Story, The (1940)','\0','\0','\0'),(479,'\0','\0','\0','\0','\0','\0','1958-01-01 00:00:00','\0','\0','\0','\0','\0','\0','','\0','\0','','Vertigo (1958)','\0','\0','\0'),(480,'\0','\0','\0','\0','','\0','1959-01-01 00:00:00','\0','\0','\0','\0','\0','\0','\0','\0','\0','','North by Northwest (1959)','\0','\0','\0'),(481,'\0','\0','\0','\0','','\0','1960-01-01 00:00:00','\0','','\0','\0','\0','\0','\0','\0','\0','\0','Apartment, The (1960)','\0','\0','\0'),(482,'\0','\0','\0','\0','','','1959-01-01 00:00:00','\0','\0','\0','\0','\0','\0','\0','\0','\0','\0','Some Like It Hot (1959)','\0','\0','\0'),(483,'\0','\0','\0','\0','\0','\0','1942-01-01 00:00:00','\0','','\0','\0','\0','\0','\0','','\0','\0','Casablanca (1942)','\0','','\0'),(484,'\0','\0','\0','\0','\0','\0','1941-01-01 00:00:00','\0','\0','\0','','\0','\0','','\0','\0','\0','Maltese Falcon, The (1941)','\0','\0','\0'),(485,'\0','\0','\0','\0','\0','\0','1964-01-01 00:00:00','\0','\0','\0','\0','\0','','\0','','\0','\0','My Fair Lady (1964)','\0','\0','\0'),(486,'\0','\0','\0','\0','','\0','1954-01-01 00:00:00','\0','\0','\0','\0','\0','\0','\0','','\0','\0','Sabrina (1954)','\0','\0','\0'),(487,'\0','\0','\0','\0','','\0','1953-01-01 00:00:00','\0','\0','\0','\0','\0','\0','\0','','\0','\0','Roman Holiday (1953)','\0','\0','\0'),(488,'\0','\0','\0','\0','\0','\0','1950-01-01 00:00:00','\0','\0','\0','','\0','\0','\0','\0','\0','\0','Sunset Blvd. (1950)','\0','\0','\0'),(489,'\0','\0','\0','\0','\0','\0','1946-01-01 00:00:00','\0','\0','\0','','\0','\0','\0','','\0','','Notorious (1946)','\0','\0','\0'),(490,'\0','\0','\0','\0','','\0','1955-01-01 00:00:00','\0','\0','\0','\0','\0','\0','\0','','\0','','To Catch a Thief (1955)','\0','\0','\0'),(491,'','','\0','\0','\0','\0','1938-01-01 00:00:00','\0','\0','\0','\0','\0','\0','\0','\0','\0','\0','Adventures of Robin Hood, The (1938)','\0','\0','\0'),(492,'\0','\0','\0','\0','\0','\0','1955-01-01 00:00:00','\0','','\0','\0','\0','\0','\0','\0','\0','\0','East of Eden (1955)','\0','\0','\0'),(493,'\0','\0','\0','\0','\0','\0','2034-01-01 00:00:00','\0','\0','\0','\0','\0','\0','','\0','\0','\0','Thin Man, The (1934)','\0','\0','\0'),(494,'\0','\0','\0','\0','','\0','1940-01-01 00:00:00','\0','\0','\0','\0','\0','\0','\0','\0','\0','\0','His Girl Friday (1940)','\0','\0','\0'),(495,'\0','','\0','\0','','\0','1956-01-01 00:00:00','\0','\0','\0','\0','\0','\0','\0','\0','\0','\0','Around the World in 80 Days (1956)','\0','\0','\0'),(496,'\0','\0','\0','\0','\0','\0','1946-01-01 00:00:00','\0','','\0','\0','\0','\0','\0','\0','\0','\0','It\'s a Wonderful Life (1946)','\0','\0','\0'),(497,'\0','\0','\0','\0','','\0','1938-01-01 00:00:00','\0','\0','\0','\0','\0','\0','\0','\0','\0','\0','Bringing Up Baby (1938)','\0','\0','\0'),(498,'','','\0','\0','\0','\0','1951-01-01 00:00:00','\0','\0','\0','\0','\0','\0','\0','','\0','\0','African Queen, The (1951)','\0','','\0'),(499,'\0','\0','\0','\0','\0','\0','1958-01-01 00:00:00','\0','','\0','\0','\0','\0','\0','\0','\0','\0','Cat on a Hot Tin Roof (1958)','\0','\0','\0'),(500,'\0','','\0','','\0','\0','1996-09-13 00:00:00','\0','\0','\0','\0','\0','\0','\0','\0','\0','\0','Fly Away Home (1996)','\0','\0','\0');
/*!40000 ALTER TABLE `movie` ENABLE KEYS */;
UNLOCK TABLES;

--
-- Table structure for table `rating`
--

DROP TABLE IF EXISTS `rating`;
/*!40101 SET @saved_cs_client     = @@character_set_client */;
/*!40101 SET character_set_client = utf8 */;
CREATE TABLE `rating` (
  `id` bigint(20) NOT NULL,
  `rate` int(11) DEFAULT NULL,
  `mid` bigint(20) DEFAULT NULL,
  `uid` bigint(20) DEFAULT NULL,
  PRIMARY KEY (`id`),
  KEY `FKj0hm2redfd8ia01t608901q8d` (`mid`),
  KEY `FKt7utwdbe2dhrxl8vfp1gmbfgp` (`uid`),
  CONSTRAINT `FKj0hm2redfd8ia01t608901q8d` FOREIGN KEY (`mid`) REFERENCES `movie` (`id`),
  CONSTRAINT `FKt7utwdbe2dhrxl8vfp1gmbfgp` FOREIGN KEY (`uid`) REFERENCES `user` (`id`)
) ENGINE=InnoDB DEFAULT CHARSET=latin1;
/*!40101 SET character_set_client = @saved_cs_client */;

--
-- Dumping data for table `rating`
--

LOCK TABLES `rating` WRITE;
/*!40000 ALTER TABLE `rating` DISABLE KEYS */;
INSERT INTO `rating` VALUES (101,5,253,1),(102,2,27,1),(103,5,57,1),(104,3,62,1),(105,5,113,1),(106,4,163,1),(107,4,76,1),(108,4,132,1),(109,5,1,1),(110,3,49,1),(111,1,112,1),(112,5,96,1),(113,4,229,1),(114,4,65,1),(115,4,77,1),(116,1,29,1),(117,5,14,1),(118,3,2,1),(119,4,241,1),(120,5,82,1),(121,4,58,1),(122,3,125,1),(123,1,261,1),(124,5,169,1),(125,5,177,1),(126,3,215,1),(127,3,122,1),(128,4,265,1),(129,3,24,1),(130,2,213,1),(131,4,43,1),(132,3,217,1),(133,4,23,1),(134,5,246,1),(135,5,114,1),(136,5,108,1),(137,3,189,1),(138,5,32,1),(139,2,36,1),(140,1,254,1),(141,3,164,1),(142,5,9,1),(143,1,103,1),(144,3,272,1),(145,2,11,1),(146,4,210,1),(147,3,38,1),(148,4,107,1),(149,5,191,1),(150,4,79,1),(151,3,179,1),(152,3,10,1),(153,2,37,1),(154,3,31,1),(155,5,50,1),(156,5,81,1),(157,4,199,1),(158,4,72,1),(159,5,60,1),(160,5,91,1),(161,3,73,1),(162,2,264,1),(163,4,66,1),(164,4,56,1),(165,1,78,1),(166,5,235,1),(167,1,260,1),(168,4,184,1),(169,4,157,1),(170,4,151,1),(171,4,250,1),(172,4,146,1),(173,2,233,1),(174,3,117,1),(175,3,97,1),(176,5,208,1),(177,5,15,1),(178,3,147,1),(179,5,129,1),(180,3,30,1),(181,3,159,1),(182,3,99,1),(183,3,116,1),(184,2,237,1),(185,2,245,1),(186,5,127,1),(187,2,145,1),(188,2,252,1),(189,2,148,1),(190,3,54,1),(191,4,227,1),(192,4,256,1),(193,3,226,1),(194,4,90,1),(195,5,150,1),(196,5,202,1),(197,3,70,1),(198,4,52,1),(199,5,269,1),(200,2,94,1),(201,4,193,1),(202,5,221,1),(203,3,53,1),(204,1,259,1),(205,3,67,1),(206,4,20,1),(207,3,141,1),(208,4,251,1),(209,5,100,1),(210,3,92,1),(211,4,206,1),(212,1,110,1),(213,3,232,1),(214,5,86,1),(215,5,172,1),(216,4,134,1),(217,5,181,1),(218,4,68,1),(219,4,135,1),(220,1,74,1),(221,5,119,1),(222,1,104,1),(223,3,218,1),(224,4,234,1),(225,2,225,1),(226,2,155,1),(227,5,175,1),(228,5,224,1),(229,5,154,1),(230,4,47,1),(231,5,258,1),(232,4,239,1),(233,2,105,1),(234,3,118,1),(235,4,182,1),(236,1,8,1),(237,3,205,1),(238,3,5,1),(239,5,174,1),(240,5,115,1),(241,2,244,1),(242,4,133,1),(243,5,242,1),(244,2,102,1),(245,5,6,1),(246,4,75,1),(247,5,207,1),(248,4,161,1),(249,3,26,1),(250,3,188,1),(251,5,111,1),(252,2,167,1),(253,5,124,1),(254,5,223,1),(255,4,22,1),(256,4,238,1),(257,5,197,1),(258,4,144,1),(259,3,200,1),(260,3,220,1),(261,4,128,1),(262,5,55,1),(263,5,270,1),(264,2,41,1),(265,3,40,1),(266,4,186,1),(267,5,170,1),(268,3,4,1),(269,2,101,1),(270,2,271,1),(271,5,173,1),(272,1,140,1),(273,5,176,1),(274,4,51,1),(275,4,121,1),(276,3,240,1),(277,4,212,1),(278,5,89,1),(279,1,243,1),(280,4,3,1),(281,1,263,1),(282,4,28,1),(283,3,153,1),(284,4,187,1),(285,5,166,1),(286,5,64,1),(287,1,231,1),(288,4,123,1),(289,3,71,1),(290,3,85,1),(291,5,178,1),(292,5,137,1),(293,4,95,1),(294,4,257,1),(295,1,219,1),(296,3,139,1),(297,2,142,1),(298,4,192,1),(299,5,42,1),(300,4,249,1),(301,5,44,1),(302,1,143,1),(303,4,230,1),(304,5,13,1),(305,2,149,1),(306,5,216,1),(307,3,136,1),(308,5,183,1),(309,5,19,1),(310,5,195,1),(311,5,165,1),(312,5,59,1),(313,4,185,1),(314,4,236,1),(315,4,33,1),(316,3,262,1),(317,5,48,1),(318,4,162,1),(319,2,255,1),(320,3,17,1),(321,5,190,1),(322,4,7,1),(323,5,12,1),(324,4,88,1),(325,1,138,1),(326,5,152,1),(327,4,98,1),(328,5,87,1),(329,4,39,1),(330,2,126,1),(331,3,180,1),(332,2,34,1),(333,4,61,1),(334,4,80,1),(335,4,84,1),(336,3,158,1),(337,5,168,1),(338,4,160,1),(339,4,203,1),(340,4,18,1),(341,3,211,1),(342,5,109,1),(343,4,222,1),(344,1,21,1),(345,4,214,1),(346,2,63,1),(347,5,196,1),(348,3,69,1),(349,1,131,1),(350,1,120,1),(351,3,83,1),(352,1,247,1),(353,1,35,1),(354,4,209,1),(355,5,45,1),(356,4,46,1),(357,3,201,1),(358,5,171,1),(359,4,25,2),(360,5,283,2),(361,1,294,2),(362,3,287,2),(363,3,298,2),(364,3,281,2),(365,4,286,2),(366,4,257,2),(367,3,307,2),(368,3,258,2),(369,3,278,2),(370,5,100,2),(371,3,290,2),(372,4,13,2),(373,4,310,2),(374,5,242,2),(375,5,275,2),(376,3,296,2),(377,3,312,2),(378,3,19,2),(379,4,295,2),(380,4,14,2),(381,1,315,2),(382,5,316,2),(383,4,237,2),(384,4,299,2),(385,4,279,2),(386,4,293,2),(387,4,255,2),(388,4,111,2),(389,4,306,2),(390,4,500,2),(391,4,273,2),(392,3,291,2),(393,5,311,2),(394,4,297,2),(395,4,301,2),(396,5,302,2),(397,5,127,2),(398,4,269,2),(399,5,285,2),(400,3,280,2),(401,3,288,2),(402,4,276,2),(403,4,300,2),(404,5,251,2),(405,5,272,2),(406,3,289,2),(407,3,308,2),(408,5,313,2),(409,4,277,2),(410,4,292,2),(411,3,274,2),(412,1,314,2),(413,2,10,2),(414,4,284,2),(415,5,50,2),(416,4,282,2),(417,4,181,3),(418,2,326,3),(419,3,345,3),(420,2,294,3),(421,2,324,3),(422,2,264,3),(423,2,300,3),(424,3,322,3),(425,3,343,3),(426,1,332,3),(427,2,258,3),(428,2,319,3),(429,2,323,3),(430,5,340,3),(431,2,352,3),(432,2,288,3),(433,2,333,3),(434,3,349,3),(435,4,318,3),(436,2,317,3),(437,3,299,3),(438,3,350,3),(439,1,335,3),(440,2,330,3),(441,5,321,3),(442,3,351,3),(443,5,346,3),(444,3,307,3),(445,3,297,3),(446,3,271,3),(447,3,334,3),(448,2,302,3),(449,4,327,3),(450,3,246,3),(451,3,354,3),(452,2,338,3),(453,5,347,3),(454,1,336,3),(455,1,325,3),(456,1,341,3),(457,2,272,3),(458,5,320,3),(459,1,353,3),(460,4,348,3),(461,5,328,3),(462,4,342,3),(463,1,337,3),(464,4,331,3),(465,4,260,3),(466,3,355,3),(467,4,344,3),(468,3,339,3),(469,5,362,4),(470,5,294,4),(471,5,324,4),(472,3,264,4),(473,2,358,4),(474,4,260,4),(475,5,258,4),(476,4,288,4),(477,4,357,4),(478,5,297,4),(479,5,301,4),(480,5,354,4),(481,5,327,4),(482,4,271,4),(483,3,356,4),(484,5,361,4),(485,4,11,4),(486,5,300,4),(487,5,360,4),(488,5,348,4),(489,3,328,4),(490,5,359,4),(491,5,50,4),(492,3,210,4),(493,3,25,5),(494,4,194,5),(495,5,228,5),(496,1,381,5),(497,3,405,5),(498,5,163,5),(499,1,369,5),(500,4,233,5),(501,4,1,5),(502,1,442,5),(503,3,384,5),(504,2,229,5),(505,2,449,5),(506,1,110,5),(507,5,169,5),(508,3,431,5),(509,1,424,5),(510,4,29,5),(511,4,435,5),(512,3,2,5),(513,2,167,5),(514,2,392,5),(515,5,428,5),(516,2,386,5),(517,5,401,5),(518,3,372,5),(519,4,24,5),(520,1,415,5),(521,1,451,5),(522,1,441,5),(523,3,176,5),(524,3,387,5),(525,5,189,5),(526,3,374,5),(527,3,407,5),(528,4,62,5),(529,3,375,5),(530,3,383,5),(531,1,370,5),(532,3,79,5),(533,3,447,5),(534,4,50,5),(535,2,404,5),(536,3,417,5),(537,4,432,5),(538,5,42,5),(539,3,429,5),(540,3,380,5),(541,4,227,5),(542,4,183,5),(543,4,443,5),(544,3,250,5),(545,5,436,5),(546,3,367,5),(547,4,208,5),(548,2,409,5),(549,2,394,5),(550,3,99,5),(551,5,434,5),(552,1,145,5),(553,3,226,5),(554,2,393,5),(555,4,235,5),(556,4,422,5),(557,3,426,5),(558,5,390,5),(559,3,90,5),(560,4,70,5),(561,3,94,5),(562,1,259,5),(563,1,402,5),(564,5,100,5),(565,1,377,5),(566,4,95,5),(567,1,438,5),(568,5,172,5),(569,3,413,5),(570,2,231,5),(571,1,368,5),(572,3,366,5),(573,2,234,5),(574,5,396,5),(575,2,225,5),(576,1,437,5),(577,5,408,5),(578,3,363,5),(579,3,154,5),(580,4,391,5),(581,1,452,5),(582,4,239,5),(583,3,105,5),(584,3,151,5),(585,5,382,5),(586,1,365,5),(587,5,174,5),(588,3,418,5),(589,3,379,5),(590,3,144,5),(591,3,102,5),(592,1,457,5),(593,2,444,5),(594,1,241,5),(595,1,66,5),(596,3,214,5),(597,3,403,5),(598,3,445,5),(599,2,200,5),(600,1,410,5),(601,1,389,5),(602,5,433,5),(603,1,421,5),(604,3,373,5),(605,1,456,5),(606,5,186,5),(607,4,385,5),(608,5,101,5),(609,4,173,5),(610,2,425,5),(611,3,412,5),(612,4,121,5),(613,5,89,5),(614,1,243,5),(615,1,440,5),(616,4,423,5),(617,3,139,5),(618,5,153,5),(619,3,210,5),(620,1,378,5),(621,4,135,5),(622,3,399,5),(623,5,181,5),(624,3,414,5),(625,2,398,5),(626,5,430,5),(627,5,257,5),(628,3,219,5),(629,1,411,5),(630,1,439,5),(631,1,450,5),(632,3,143,5),(633,3,230,5),(634,4,211,5),(635,4,40,5),(636,3,420,5),(637,1,453,5),(638,1,416,5),(639,1,162,5),(640,4,455,5),(641,4,17,5),(642,1,406,5),(643,2,388,5),(644,5,209,5),(645,2,395,5),(646,3,98,5),(647,1,400,5),(648,2,80,5),(649,2,376,5),(650,3,168,5),(651,1,216,5),(652,5,109,5),(653,4,222,5),(654,3,21,5),(655,1,63,5),(656,2,448,5),(657,4,446,5),(658,1,69,5),(659,1,364,5),(660,3,419,5),(661,1,371,5),(662,1,454,5),(663,3,427,5),(664,4,204,5),(665,2,397,5),(666,3,285,6),(667,4,461,6),(668,3,298,6),(669,4,194,6),(670,4,478,6),(671,3,47,6),(672,3,248,6),(673,1,405,6),(674,4,497,6),(675,5,132,6),(676,4,1,6),(677,4,357,6),(678,5,14,6),(679,5,485,6),(680,4,408,6),(681,4,499,6),(682,3,125,6),(683,3,261,6),(684,4,169,6),(685,4,177,6),(686,3,297,6),(687,4,467,6),(688,4,213,6),(689,3,293,6),(690,4,23,6),(691,3,246,6),(692,3,189,6),(693,4,32,6),(694,2,276,6),(695,4,9,6),(696,4,272,6),(697,5,474,6),(698,4,191,6),(699,3,79,6),(700,4,498,6),(701,5,469,6),(702,4,221,6),(703,4,50,6),(704,4,199,6),(705,2,294,6),(706,3,188,6),(707,2,471,6),(708,4,56,6),(709,4,170,6),(710,4,480,6),(711,5,462,6),(712,4,183,6),(713,4,486,6),(714,2,310,6),(715,2,117,6),(716,4,275,6),(717,1,476,6),(718,4,208,6),(719,3,15,6),(720,3,317,6),(721,2,237,6),(722,3,470,6),(723,5,487,6),(724,2,464,6),(725,4,306,6),(726,5,493,6),(727,4,81,6),(728,3,70,6),(729,4,187,6),(730,4,269,6),(731,3,202,6),(732,3,193,6),(733,5,488,6),(734,4,182,6),(735,1,259,6),(736,1,465,6),(737,4,153,6),(738,2,95,6),(739,3,86,6),(740,5,134,6),(741,1,477,6),(742,4,175,6),(743,2,286,6),(744,3,154,6),(745,5,484,6),(746,2,258,6),(747,3,204,6),(748,3,151,6),(749,4,466,6),(750,3,203,6),(751,3,205,6),(752,1,472,6),(753,4,174,6),(754,5,127,6),(755,4,435,6),(756,4,482,6),(757,4,133,6),(758,2,111,6),(759,5,124,6),(760,4,223,6),(761,5,137,6),(762,3,22,6),(763,5,238,6),(764,5,197,6),(765,2,301,6),(766,3,321,6),(767,3,200,6),(768,4,410,6),(769,5,475,6),(770,5,483,6),(771,4,186,6),(772,5,492,6),(773,5,173,6),(774,3,425,6),(775,2,284,6),(776,4,496,6),(777,4,89,6),(778,4,274,6),(779,2,28,6),(780,4,432,6),(781,2,459,6),(782,3,468,6),(783,4,166,6),(784,4,64,6),(785,5,135,6),(786,4,500,6),(787,4,491,6),(788,2,340,6),(789,4,178,6),(790,5,490,6),(791,2,257,6),(792,1,458,6),(793,4,192,6),(794,2,143,6),(795,3,69,6),(796,5,479,6),(797,5,211,6),(798,5,136,6),(799,4,318,6),(800,4,19,6),(801,4,195,6),(802,5,100,6),(803,5,165,6),(804,2,473,6),(805,5,59,6),(806,4,494,6),(807,4,495,6),(808,2,13,6),(809,2,7,6),(810,4,12,6),(811,4,209,6),(812,4,302,6),(813,2,460,6),(814,5,98,6),(815,2,367,6),(816,4,87,6),(817,4,180,6),(818,4,168,6),(819,4,242,6),(820,4,8,6),(821,4,71,6),(822,5,216,6),(823,3,21,6),(824,3,423,6),(825,5,489,6),(826,3,308,6),(827,5,131,6),(828,4,419,6),(829,4,463,6),(830,4,427,6),(831,5,481,6),(832,5,185,6),(833,3,25,7),(834,4,499,7),(835,5,127,7),(836,3,23,7),(837,2,441,7),(838,1,145,7),(839,5,164,7),(840,3,11,7),(841,5,191,7),(842,3,341,7),(843,5,179,7),(844,3,91,7),(845,5,188,7),(846,4,183,7),(847,4,317,7),(848,5,99,7),(849,3,470,7),(850,4,465,7),(851,5,153,7),(852,3,449,7),(853,5,234,7),(854,3,82,7),(855,5,491,7),(856,4,151,7),(857,4,365,7),(858,5,485,7),(859,5,144,7),(860,5,238,7),(861,4,455,7),(862,3,430,7),(863,4,389,7),(864,3,421,7),(865,4,356,7),(866,5,121,7),(867,5,378,7),(868,5,135,7),(869,3,181,7),(870,4,177,7),(871,1,219,7),(872,5,72,7),(873,4,216,7),(874,5,420,7),(875,5,334,7),(876,4,80,7),(877,5,8,7),(878,5,423,7),(879,3,489,7),(880,5,69,7),(881,5,214,7),(882,5,185,7),(883,4,106,7),(884,5,93,7),(885,3,405,7),(886,5,443,7),(887,5,132,7),(888,4,431,7),(889,5,435,7),(890,5,428,7),(891,4,386,7),(892,5,265,7),(893,2,415,7),(894,3,213,7),(895,5,77,7),(896,5,4,7),(897,3,62,7),(898,5,416,7),(899,5,474,7),(900,4,264,7),(901,5,157,7),(902,5,367,7),(903,5,285,7),(904,3,227,7),(905,4,52,7),(906,3,269,7),(907,5,193,7),(908,4,488,7),(909,3,259,7),(910,5,50,7),(911,5,402,7),(912,5,141,7),(913,3,232,7),(914,4,172,7),(915,5,484,7),(916,4,382,7),(917,3,161,7),(918,5,223,7),(919,5,22,7),(920,5,447,7),(921,4,483,7),(922,5,385,7),(923,3,29,7),(924,5,81,7),(925,5,28,7),(926,1,260,7),(927,4,300,7),(928,3,230,7),(929,4,479,7),(930,5,195,7),(931,5,100,7),(932,4,403,7),(933,5,190,7),(934,5,307,7),(935,5,12,7),(936,4,98,7),(937,5,131,7),(938,5,204,7),(939,4,461,7),(940,4,163,7),(941,3,126,7),(942,3,384,7),(943,3,229,7),(944,5,357,7),(945,4,125,7),(946,5,194,7),(947,3,246,7),(948,3,387,7),(949,4,32,7),(950,5,9,7),(951,4,228,7),(952,4,79,7),(953,4,10,7),(954,4,31,7),(955,5,404,7),(956,3,487,7),(957,3,73,7),(958,5,429,7),(959,3,78,7),(960,4,380,7),(961,4,480,7),(962,5,436,7),(963,4,275,7),(964,5,97,7),(965,5,208,7),(966,5,237,7),(967,5,226,7),(968,3,202,7),(969,3,166,7),(970,4,286,7),(971,4,27,7),(972,3,391,7),(973,5,452,7),(974,4,258,7),(975,4,182,7),(976,5,205,7),(977,5,174,7),(978,4,379,7),(979,5,133,7),(980,5,444,7),(981,4,207,7),(982,5,200,7),(983,5,101,7),(984,5,140,7),(985,3,176,7),(986,2,51,7),(987,1,212,7),(988,1,440,7),(989,4,187,7),(990,5,64,7),(991,3,231,7),(992,5,71,7),(993,4,178,7),(994,3,142,7),(995,4,192,7),(996,5,44,7),(997,3,143,7),(998,5,211,7),(999,5,136,7),(1000,4,134,7),(1001,2,446,7),(1002,5,7,7),(1003,5,39,7),(1004,5,168,7),(1005,5,203,7),(1006,5,196,7),(1007,4,432,7),(1008,3,419,7),(1009,5,427,7),(1010,2,201,7),(1011,3,171,7),(1012,4,497,7),(1013,1,324,7),(1014,5,47,7),(1015,4,471,7),(1016,3,273,7),(1017,5,96,7),(1018,4,241,7),(1019,4,401,7),(1020,3,54,7),(1021,4,217,7),(1022,5,451,7),(1023,5,498,7),(1024,5,199,7),(1025,1,294,7),(1026,5,56,7),(1027,2,118,7),(1028,4,434,7),(1029,4,393,7),(1030,3,90,7),(1031,1,70,7),(1032,5,53,7),(1033,5,92,7),(1034,4,86,7),(1035,4,68,7),(1036,3,417,7),(1037,4,396,7),(1038,5,175,7),(1039,5,154,7),(1040,2,472,7),(1041,3,281,7),(1042,4,418,7),(1043,3,482,7),(1044,4,197,7),(1045,5,433,7),(1046,4,186,7),(1047,5,492,7),(1048,4,215,7),(1049,5,173,7),(1050,5,496,7),(1051,5,89,7),(1052,4,210,7),(1053,4,399,7),(1054,3,139,7),(1055,4,450,7),(1056,4,288,7),(1057,4,463,7),(1058,5,481,7),(1059,3,198,7),(1060,5,162,7),(1061,5,495,7),(1062,5,180,7),(1063,5,318,7),(1064,3,448,7),(1065,4,152,7),(1066,4,181,8),(1067,3,294,8),(1068,5,82,8),(1069,4,190,8),(1070,5,56,8),(1071,5,228,8),(1072,3,7,8),(1073,5,258,8),(1074,5,182,8),(1075,5,183,8),(1076,3,273,8),(1077,4,233,8),(1078,5,229,8),(1079,2,341,8),(1080,5,174,8),(1081,5,195,8),(1082,5,435,8),(1083,5,144,8),(1084,1,457,8),(1085,5,127,8),(1086,5,188,8),(1087,4,241,8),(1088,4,177,8),(1089,4,227,8),(1090,5,22,8),(1091,3,336,8),(1092,4,403,8),(1093,4,301,8),(1094,3,96,8),(1095,1,259,8),(1096,5,172,8),(1097,1,385,8),(1098,4,338,8),(1099,5,222,8),(1100,5,176,8),(1101,5,55,8),(1102,3,11,8),(1103,4,89,8),(1104,2,243,8),(1105,2,358,8),(1106,4,79,8),(1107,4,187,8),(1108,3,260,8),(1109,5,50,8),(1110,2,431,8),(1111,4,340,9),(1112,4,294,9),(1113,5,298,9),(1114,5,286,9),(1115,5,50,9),(1116,4,479,9),(1117,4,242,9),(1118,4,402,9),(1119,5,6,9),(1120,5,487,9),(1121,4,7,9),(1122,5,483,9),(1123,5,385,9),(1124,4,276,9),(1125,5,371,9),(1126,3,461,10),(1127,3,198,10),(1128,4,333,10),(1129,4,340,10),(1130,4,93,10),(1131,4,194,10),(1132,5,478,10),(1133,4,16,10),(1134,4,497,10),(1135,5,132,10),(1136,4,1,10),(1137,4,186,10),(1138,4,273,10),(1139,5,357,10),(1140,4,4,10),(1141,5,435,10),(1142,4,499,10),(1143,4,155,10),(1144,4,414,10),(1145,5,127,10),(1146,5,23,10),(1147,4,32,10),(1148,4,276,10),(1149,4,164,10),(1150,4,9,10),(1151,4,11,10),(1152,4,474,10),(1153,5,191,10),(1154,5,179,10),(1155,5,498,10),(1156,4,221,10),(1157,5,50,10),(1158,4,404,10),(1159,4,199,10),(1160,4,283,10),(1161,3,60,10),(1162,3,294,10),(1163,5,56,10),(1164,4,170,10),(1165,5,480,10),(1166,3,462,10),(1167,5,183,10),(1168,4,486,10),(1169,5,285,10),(1170,4,160,10),(1171,4,275,10),(1172,4,129,10),(1173,5,99,10),(1174,4,116,10),(1175,4,245,10),(1176,4,470,10),(1177,4,493,10),(1178,4,489,10),(1179,4,70,10),(1180,4,269,10),(1181,5,488,10),(1182,5,182,10),(1183,5,100,10),(1184,4,289,10),(1185,5,134,10),(1186,4,218,10),(1187,4,234,10),(1188,4,82,10),(1189,3,175,10),(1190,4,286,10),(1191,5,484,10),(1192,4,467,10),(1193,5,205,10),(1194,4,174,10),(1195,4,418,10),(1196,4,482,10),(1197,5,133,10),(1198,4,144,10),(1199,4,161,10),(1200,5,124,10),(1201,5,223,10),(1202,5,22,10),(1203,4,238,10),(1204,5,197,10),(1205,4,321,10),(1206,5,200,10),(1207,4,475,10),(1208,4,447,10),(1209,5,483,10),(1210,4,385,10),(1211,4,176,10),(1212,5,496,10),(1213,4,274,10),(1214,4,153,10),(1215,4,64,10),(1216,5,135,10),(1217,4,85,10),(1218,5,178,10),(1219,4,137,10),(1220,3,430,10),(1221,4,192,10),(1222,4,230,10),(1223,3,13,10),(1224,5,157,10),(1225,4,216,10),(1226,4,463,10),(1227,3,319,10),(1228,4,195,10),(1229,4,40,10),(1230,4,59,10),(1231,5,185,10),(1232,4,33,10),(1233,4,420,10),(1234,4,48,10),(1235,4,162,10),(1236,4,495,10),(1237,4,7,10),(1238,5,12,10),(1239,4,334,10),(1240,4,302,10),(1241,4,98,10),(1242,4,367,10),(1243,5,180,10),(1244,4,168,10),(1245,4,203,10),(1246,5,211,10),(1247,5,479,10),(1248,4,432,10),(1249,4,69,10),(1250,4,371,10),(1251,3,25,11),(1252,3,204,11),(1253,5,423,11),(1254,1,324,11),(1255,4,194,11),(1256,4,356,11),(1257,4,47,11),(1258,3,405,11),(1259,4,100,11),(1260,3,94,11),(1261,4,229,11),(1262,3,110,11),(1263,2,431,11),(1264,4,241,11),(1265,3,58,11),(1266,4,428,11),(1267,4,125,11),(1268,3,386,11),(1269,3,414,11),(1270,4,372,11),(1271,3,24,11),(1272,3,39,11),(1273,5,246,11),(1274,4,425,11),(1275,2,451,11),(1276,5,9,11),(1277,2,383,11),(1278,3,370,11),(1279,4,107,11),(1280,4,191,11),(1281,4,79,11),(1282,3,54,11),(1283,2,11,11),(1284,3,38,11),(1285,5,429,11),(1286,4,56,11),(1287,1,260,11),(1288,2,12,11),(1289,5,318,11),(1290,3,367,11),(1291,4,97,11),(1292,4,208,11),(1293,5,15,11),(1294,4,317,11),(1295,4,237,11),(1296,4,434,11),(1297,4,393,11),(1298,3,227,11),(1299,2,90,11),(1300,4,70,11),(1301,3,52,11),(1302,3,123,11),(1303,3,259,11),(1304,4,402,11),(1305,4,86,11),(1306,5,357,11),(1307,3,449,11),(1308,3,175,11),(1309,5,286,11),(1310,5,258,11),(1311,4,239,11),(1312,3,382,11),(1313,3,365,11),(1314,4,435,11),(1315,4,111,11),(1316,4,291,11),(1317,4,22,11),(1318,3,238,11),(1319,4,301,11),(1320,3,455,11),(1321,4,433,11),(1322,2,57,11),(1323,3,29,11),(1324,3,215,11),(1325,5,173,11),(1326,3,176,11),(1327,4,51,11),(1328,3,121,11),(1329,3,274,11),(1330,5,28,11),(1331,5,332,11),(1332,4,135,11),(1333,3,399,11),(1334,3,401,11),(1335,5,277,11),(1336,3,430,11),(1337,2,395,11),(1338,3,300,11),(1339,3,42,11),(1340,3,290,11),(1341,4,230,11),(1342,3,216,11),(1343,3,40,11),(1344,4,350,11),(1345,4,203,11),(1346,3,190,11),(1347,3,88,11),(1348,2,98,11),(1349,4,213,11),(1350,2,180,11),(1351,3,168,11),(1352,4,8,11),(1353,3,211,11),(1354,3,109,11),(1355,3,222,11),(1356,5,196,11),(1357,3,69,11),(1358,5,83,11),(1359,4,427,11),(1360,4,312,11),(1361,4,185,11),(1362,3,228,11),(1363,4,300,12),(1364,4,71,12),(1365,4,82,12),(1366,4,170,12),(1367,4,228,12),(1368,4,480,12),(1369,4,381,12),(1370,5,471,12),(1371,5,132,12),(1372,5,318,12),(1373,5,143,12),(1374,4,96,12),(1375,5,242,12),(1376,5,402,12),(1377,5,97,12),(1378,5,157,12),(1379,5,15,12),(1380,4,195,12),(1381,4,159,12),(1382,4,133,12),(1383,4,392,12),(1384,4,127,12),(1385,5,161,12),(1386,3,416,12),(1387,5,88,12),(1388,5,238,12),(1389,1,200,12),(1390,5,98,12),(1391,4,202,12),(1392,4,168,12),(1393,3,203,12),(1394,5,4,12),(1395,4,276,12),(1396,4,215,12),(1397,5,196,12),(1398,5,69,12),(1399,5,191,12),(1400,4,172,12),(1401,4,328,12),(1402,5,28,12),(1403,5,204,12),(1404,5,216,12),(1405,4,50,12),(1406,5,282,12),(1407,1,261,13),(1408,3,92,13),(1409,5,127,13),(1410,5,23,13),(1411,1,441,13),(1412,1,338,13),(1413,2,336,13),(1414,3,164,13),(1415,1,11,13),(1416,1,320,13),(1417,3,38,13),(1418,3,191,13),(1419,2,341,13),(1420,2,179,13),(1421,1,37,13),(1422,5,50,13),(1423,2,344,13),(1424,4,362,13),(1425,2,91,13),(1426,4,42,13),(1427,4,188,13),(1428,5,292,13),(1429,3,318,13),(1430,2,394,13),(1431,4,99,13),(1432,3,306,13),(1433,1,343,13),(1434,4,280,13),(1435,2,289,13),(1436,4,353,13),(1437,3,45,13),(1438,3,328,13),(1439,4,342,13),(1440,3,357,13),(1441,4,477,13),(1442,4,449,13),(1443,5,234,13),(1444,2,82,13),(1445,4,71,13),(1446,4,239,13),(1447,4,118,13),(1448,1,349,13),(1449,1,5,13),(1450,4,144,13),(1451,5,111,13),(1452,3,480,13),(1453,3,238,13),(1454,3,455,13),(1455,3,331,13),(1456,2,421,13),(1457,5,121,13),(1458,3,243,13),(1459,3,274,13),(1460,5,135,13),(1461,5,181,13),(1462,2,398,13),(1463,5,430,13),(1464,1,219,13),(1465,4,72,13),(1466,3,216,13),(1467,4,473,13),(1468,3,299,13),(1469,5,33,13),(1470,4,420,13),(1471,1,334,13),(1472,4,400,13),(1473,4,8,13),(1474,3,21,13),(1475,5,423,13),(1476,3,308,13),(1477,4,69,13),(1478,2,83,13),(1479,5,316,13),(1480,3,185,13),(1481,3,358,13),(1482,3,322,13),(1483,2,405,13),(1484,4,443,13),(1485,4,32,13),(1486,2,403,13),(1487,5,435,13),(1488,5,428,13),(1489,4,265,13),(1490,3,363,13),(1491,5,4,13),(1492,5,62,13),(1493,4,272,13),(1494,3,416,13),(1495,3,210,13),(1496,4,474,13),(1497,4,60,13),(1498,4,264,13),(1499,3,66,13),(1500,5,462,13),(1501,3,157,13),(1502,3,367,13),(1503,5,285,13),(1504,4,160,13),(1505,2,348,13),(1506,5,227,13),(1507,4,494,13),(1508,2,269,13),(1509,5,193,13),(1510,4,88,13),(1511,2,141,13),(1512,3,232,13),(1513,5,404,13),(1514,2,225,13),(1515,1,437,13),(1516,5,484,13),(1517,5,467,13),(1518,3,323,13),(1519,1,382,13),(1520,4,402,13),(1521,5,161,13),(1522,5,223,13),(1523,3,311,13),(1524,4,22,13),(1525,2,321,13),(1526,3,475,13),(1527,4,270,13),(1528,5,483,13),(1529,3,385,13),(1530,2,29,13),(1531,5,28,13),(1532,3,332,13),(1533,2,476,13),(1534,1,287,13),(1535,1,300,13),(1536,4,319,13),(1537,3,230,13),(1538,4,183,13),(1539,3,195,13),(1540,5,100,13),(1541,4,262,13),(1542,5,48,13),(1543,4,190,13),(1544,5,12,13),(1545,5,427,13),(1546,3,147,13),(1547,5,302,13),(1548,4,98,13),(1549,2,354,13),(1550,3,222,13),(1551,2,447,13),(1552,5,204,13),(1553,3,355,13),(1554,3,333,13),(1555,3,163,13),(1556,4,186,13),(1557,5,317,13),(1558,2,384,13),(1559,4,229,13),(1560,3,110,13),(1561,4,58,13),(1562,5,414,13),(1563,5,177,13),(1564,5,194,13),(1565,1,24,13),(1566,4,246,13),(1567,3,387,13),(1568,5,276,13),(1569,4,478,13),(1570,3,9,13),(1571,3,79,13),(1572,3,488,13),(1573,1,438,13),(1574,3,326,13),(1575,3,73,13),(1576,5,429,13),(1577,1,78,13),(1578,3,165,13),(1579,3,481,13),(1580,1,260,13),(1581,3,94,13),(1582,2,436,13),(1583,4,346,13),(1584,4,97,13),(1585,5,208,13),(1586,5,116,13),(1587,5,237,13),(1588,5,279,13),(1589,5,493,13),(1590,4,226,13),(1591,5,150,13),(1592,5,202,13),(1593,1,67,13),(1594,1,377,13),(1595,5,95,13),(1596,4,360,13),(1597,1,413,13),(1598,1,431,13),(1599,3,339,13),(1600,1,218,13),(1601,2,155,13),(1602,3,286,13),(1603,3,27,13),(1604,3,391,13),(1605,3,452,13),(1606,4,258,13),(1607,5,182,13),(1608,2,205,13),(1609,4,174,13),(1610,1,379,13),(1611,4,444,13),(1612,4,167,13),(1613,5,124,13),(1614,1,301,13),(1615,4,445,13),(1616,3,200,13),(1617,1,128,13),(1618,5,172,13),(1619,3,327,13),(1620,3,176,13),(1621,3,51,13),(1622,5,212,13),(1623,1,440,13),(1624,4,153,13),(1625,5,187,13),(1626,5,64,13),(1627,3,231,13),(1628,3,275,13),(1629,4,491,13),(1630,2,340,13),(1631,4,178,13),(1632,1,439,13),(1633,1,143,13),(1634,5,13,13),(1635,1,138,13),(1636,1,485,13),(1637,4,211,13),(1638,3,450,13),(1639,4,59,13),(1640,1,446,13),(1641,1,17,13),(1642,2,7,13),(1643,5,87,13),(1644,4,61,13),(1645,4,168,13),(1646,4,196,13),(1647,4,432,13),(1648,3,419,13),(1649,3,209,13),(1650,1,158,13),(1651,1,201,13),(1652,5,497,13),(1653,4,228,13),(1654,1,471,13),(1655,4,233,13),(1656,3,1,13),(1657,3,273,13),(1658,1,442,13),(1659,4,96,13),(1660,1,424,13),(1661,4,14,13),(1662,5,315,13),(1663,3,2,13),(1664,3,241,13),(1665,1,401,13),(1666,4,297,13),(1667,3,39,13),(1668,1,217,13),(1669,1,314,13),(1670,1,271,13),(1671,1,451,13),(1672,4,313,13),(1673,1,370,13),(1674,4,498,13),(1675,2,417,13),(1676,2,40,13),(1677,4,345,13),(1678,2,294,13),(1679,1,406,13),(1680,5,56,13),(1681,5,170,13),(1682,2,307,13),(1683,4,310,13),(1684,3,117,13),(1685,1,312,13),(1686,3,409,13),(1687,2,145,13),(1688,3,393,13),(1689,2,235,13),(1690,3,90,13),(1691,3,70,13),(1692,1,53,13),(1693,1,86,13),(1694,3,68,13),(1695,5,199,13),(1696,3,396,13),(1697,4,175,13),(1698,4,224,13),(1699,5,154,13),(1700,5,472,13),(1701,3,281,13),(1702,2,418,13),(1703,5,482,13),(1704,1,457,13),(1705,1,351,13),(1706,5,137,13),(1707,4,197,13),(1708,1,410,13),(1709,4,433,13),(1710,5,492,13),(1711,5,215,13),(1712,2,173,13),(1713,4,89,13),(1714,5,263,13),(1715,5,166,13),(1716,2,411,13),(1717,4,290,13),(1718,1,288,13),(1719,5,347,13),(1720,5,463,13),(1721,3,198,13),(1722,2,350,13),(1723,2,453,13),(1724,1,184,13),(1725,5,180,13),(1726,2,242,13),(1727,4,109,13),(1728,1,448,13),(1729,3,371,13),(1730,2,25,14),(1731,3,93,14),(1732,4,186,14),(1733,4,96,14),(1734,2,357,14),(1735,3,14,14),(1736,4,428,14),(1737,3,265,14),(1738,5,213,14),(1739,5,23,14),(1740,5,32,14),(1741,5,408,14),(1742,4,276,14),(1743,4,9,14),(1744,2,313,14),(1745,4,474,14),(1746,4,191,14),(1747,5,498,14),(1748,5,50,14),(1749,4,283,14),(1750,4,42,14),(1751,5,56,14),(1752,5,285,14),(1753,4,242,14),(1754,4,275,14),(1755,4,15,14),(1756,5,116,14),(1757,2,127,14),(1758,3,202,14),(1759,1,70,14),(1760,4,269,14),(1761,5,172,14),(1762,4,477,14),(1763,5,175,14),(1764,5,151,14),(1765,5,382,14),(1766,5,174,14),(1767,3,111,14),(1768,5,124,14),(1769,3,22,14),(1770,5,238,14),(1771,4,455,14),(1772,3,475,14),(1773,4,492,14),(1774,4,173,14),(1775,1,176,14),(1776,3,121,14),(1777,5,240,14),(1778,5,81,14),(1779,5,210,14),(1780,5,181,14),(1781,5,430,14),(1782,1,319,14),(1783,4,13,14),(1784,4,288,14),(1785,4,211,14),(1786,5,19,14),(1787,5,195,14),(1788,5,100,14),(1789,5,473,14),(1790,5,7,14),(1791,5,12,14),(1792,5,302,14),(1793,3,98,14),(1794,4,168,14),(1795,3,18,14),(1796,4,222,14),(1797,5,427,14),(1798,3,25,15),(1799,1,333,15),(1800,3,322,15),(1801,1,248,15),(1802,2,405,15),(1803,1,1,15),(1804,5,125,15),(1805,3,297,15),(1806,5,255,15),(1807,4,9,15),(1808,5,50,15),(1809,4,283,15),(1810,4,471,15),(1811,1,7,15),(1812,4,310,15),(1813,4,275,15),(1814,4,15,15),(1815,3,409,15),(1816,3,237,15),(1817,2,127,15),(1818,2,252,15),(1819,3,148,15),(1820,5,306,15),(1821,1,235,15),(1822,5,269,15),(1823,3,280,15),(1824,3,20,15),(1825,2,251,15),(1826,3,289,15),(1827,1,249,15),(1828,3,328,15),(1829,3,331,15),(1830,3,225,15),(1831,2,286,15),(1832,3,258,15),(1833,1,118,15),(1834,4,14,15),(1835,1,323,15),(1836,3,472,15),(1837,2,244,15),(1838,4,111,15),(1839,3,291,15),(1840,4,301,15),(1841,1,455,15),(1842,4,220,15),(1843,4,300,15),(1844,3,121,15),(1845,5,292,15),(1846,4,274,15),(1847,2,411,15),(1848,5,459,15),(1849,5,181,15),(1850,4,137,15),(1851,4,257,15),(1852,5,458,15),(1853,1,278,15),(1854,1,13,15),(1855,1,473,15),(1856,1,307,15),(1857,4,302,15),(1858,4,285,15),(1859,1,243,15),(1860,1,18,15),(1861,5,308,15),(1862,4,476,15),(1863,3,282,15),(1864,5,194,16),(1865,5,228,16),(1866,3,471,16),(1867,5,443,16),(1868,5,233,16),(1869,5,1,16),(1870,5,273,16),(1871,4,240,16),(1872,5,96,16),(1873,5,357,16),(1874,4,58,16),(1875,3,125,16),(1876,5,69,16),(1877,5,39,16),(1878,5,4,16),(1879,5,164,16),(1880,5,9,16),(1881,5,11,16),(1882,5,191,16),(1883,5,79,16),(1884,5,498,16),(1885,5,496,16),(1886,5,31,16),(1887,5,404,16),(1888,5,199,16),(1889,4,294,16),(1890,4,66,16),(1891,5,56,16),(1892,5,7,16),(1893,5,480,16),(1894,5,183,16),(1895,5,76,16),(1896,3,367,16),(1897,5,182,16),(1898,4,160,16),(1899,5,208,16),(1900,5,15,16),(1901,5,99,16),(1902,5,237,16),(1903,5,127,16),(1904,5,227,16),(1905,5,202,16),(1906,4,70,16),(1907,1,284,16),(1908,4,92,16),(1909,5,95,16),(1910,5,172,16),(1911,4,134,16),(1912,5,234,16),(1913,3,155,16),(1914,2,286,16),(1915,2,27,16),(1916,5,204,16),(1917,5,151,16),(1918,5,467,16),(1919,5,174,16),(1920,5,418,16),(1921,5,482,16),(1922,5,144,16),(1923,5,161,16),(1924,5,22,16),(1925,5,197,16),(1926,3,321,16),(1927,5,200,16),(1928,5,410,16),(1929,5,447,16),(1930,5,385,16),(1931,4,51,16),(1932,5,55,16),(1933,3,469,16),(1934,2,89,16),(1935,5,423,16),(1936,5,28,16),(1937,5,64,16),(1938,4,135,16),(1939,5,71,16),(1940,5,178,16),(1941,5,300,16),(1942,5,143,16),(1943,5,230,16),(1944,5,479,16),(1945,3,288,16),(1946,5,216,16),(1947,5,318,16),(1948,5,195,16),(1949,5,100,16),(1950,2,33,16),(1951,5,12,16),(1952,5,209,16),(1953,5,302,16),(1954,4,152,16),(1955,5,98,16),(1956,4,87,16),(1957,5,180,16),(1958,4,168,16),(1959,5,8,16),(1960,4,109,16),(1961,5,448,16),(1962,3,476,16),(1963,5,427,16),(1964,4,158,16),(1965,5,282,16),(1966,4,294,17),(1967,4,137,17),(1968,3,286,17),(1969,2,471,17),(1970,4,151,17),(1971,4,126,17),(1972,4,1,17),(1973,1,323,17),(1974,3,13,17),(1975,3,117,17),(1976,4,100,17),(1977,2,237,17),(1978,2,245,17),(1979,1,125,17),(1980,3,111,17),(1981,4,7,17),(1982,5,150,17),(1983,4,475,17),(1984,4,269,17),(1985,4,276,17),(1986,3,222,17),(1987,3,9,17),(1988,1,243,17),(1989,3,25,18),(1990,4,497,18),(1991,3,194,18),(1992,4,131,18),(1993,5,478,18),(1994,3,47,18),(1995,4,381,18),(1996,5,113,18),(1997,4,461,18),(1998,3,443,18),(1999,5,126,18),(2000,5,1,18),(2001,5,221,18),(2002,3,94,18),(2003,4,23,18),(2004,5,65,18),(2005,4,357,18),(2006,5,14,18),(2007,3,403,18),(2008,5,485,18),(2009,3,241,18),(2010,3,392,18),(2011,4,58,18),(2012,3,428,18),(2013,3,125,18),(2014,5,169,18),(2015,4,414,18),(2016,3,177,18),(2017,3,434,18),(2018,5,213,18),(2019,4,387,18),(2020,5,189,18),(2021,3,4,18),(2022,5,408,18),(2023,5,276,18),(2024,3,451,18),(2025,5,9,18),(2026,4,162,18),(2027,4,474,18),(2028,4,191,18),(2029,4,79,18),(2030,4,179,18),(2031,4,498,18),(2032,5,212,18),(2033,3,488,18),(2034,4,50,18),(2035,4,404,18),(2036,3,199,18),(2037,4,60,18),(2038,3,91,18),(2039,3,42,18),(2040,3,188,18),(2041,3,66,18),(2042,5,56,18),(2043,5,170,18),(2044,4,480,18),(2045,3,462,18),(2046,5,318,18),(2047,3,151,18),(2048,4,319,18),(2049,4,367,18),(2050,5,132,18),(2051,5,275,18),(2052,4,97,18),(2053,4,208,18),(2054,4,15,18),(2055,4,26,18),(2056,5,317,18),(2057,5,99,18),(2058,5,116,18),(2059,3,237,18),(2060,5,127,18),(2061,4,487,18),(2062,3,393,18),(2063,3,89,18),(2064,5,493,18),(2065,3,81,18),(2066,3,202,18),(2067,4,70,18),(2068,5,52,18),(2069,5,45,18),(2070,5,193,18),(2071,3,284,18),(2072,4,182,18),(2073,5,210,18),(2074,3,185,18),(2075,4,153,18),(2076,4,95,18),(2077,4,86,18),(2078,5,134,18),(2079,3,181,18),(2080,5,269,18),(2081,3,234,18),(2082,3,82,18),(2083,4,175,18),(2084,5,224,18),(2085,5,286,18),(2086,4,154,18),(2087,5,283,18),(2088,4,463,18),(2089,3,382,18),(2090,3,402,18),(2091,4,174,18),(2092,4,435,18),(2093,3,418,18),(2094,5,482,18),(2095,5,133,18),(2096,5,242,18),(2097,5,6,18),(2098,3,111,18),(2099,5,136,18),(2100,5,22,18),(2101,5,238,18),(2102,4,165,18),(2103,3,200,18),(2104,4,57,18),(2105,4,483,18),(2106,4,186,18),(2107,4,492,18),(2108,3,215,18),(2109,3,425,18),(2110,5,496,18),(2111,4,197,18),(2112,5,423,18),(2113,3,28,18),(2114,4,432,18),(2115,5,187,18),(2116,5,64,18),(2117,3,135,18),(2118,3,476,18),(2119,3,178,18),(2120,5,223,18),(2121,4,287,18),(2122,5,137,18),(2123,4,430,18),(2124,3,411,18),(2125,4,142,18),(2126,3,72,18),(2127,3,236,18),(2128,3,69,18),(2129,5,13,18),(2130,4,216,18),(2131,3,172,18),(2132,3,157,18),(2133,3,19,18),(2134,4,166,18),(2135,3,195,18),(2136,5,100,18),(2137,4,59,18),(2138,3,494,18),(2139,4,143,18),(2140,3,378,18),(2141,4,48,18),(2142,5,211,18),(2143,5,416,18),(2144,4,190,18),(2145,5,12,18),(2146,3,88,18),(2147,2,386,18),(2148,4,209,18),(2149,3,152,18),(2150,5,98,18),(2151,3,486,18),(2152,2,32,18),(2153,4,180,18),(2154,4,61,18),(2155,3,168,18),(2156,5,8,18),(2157,4,71,18),(2158,4,479,18),(2159,4,214,18),(2160,3,196,18),(2161,4,489,18),(2162,3,419,18),(2163,3,198,18),(2164,5,83,18),(2165,5,285,18),(2166,5,427,18),(2167,3,382,19),(2168,4,310,19),(2169,3,288,19),(2170,4,211,19),(2171,2,313,19),(2172,4,153,19),(2173,3,210,19),(2174,3,294,19),(2175,4,202,19),(2176,4,4,19),(2177,5,435,19),(2178,4,258,19),(2179,5,8,19),(2180,4,325,19),(2181,4,319,19),(2182,2,246,19),(2183,4,181,20),(2184,1,69,20),(2185,4,82,20),(2186,3,194,20),(2187,1,357,20),(2188,3,405,20),(2189,4,118,20),(2190,3,1,20),(2191,4,323,20),(2192,3,143,20),(2193,2,94,20),(2194,1,288,20),(2195,3,172,20),(2196,2,208,20),(2197,4,15,20),(2198,2,144,20),(2199,4,252,20),(2200,5,148,20),(2201,5,22,20),(2202,3,98,20),(2203,5,87,20),(2204,5,496,20),(2205,2,176,20),(2206,3,151,20),(2207,3,186,20),(2208,3,121,20),(2209,2,423,20),(2210,2,11,20),(2211,4,243,20),(2212,3,95,20),(2213,3,378,20),(2214,4,274,20),(2215,3,498,20),(2216,3,204,20),(2217,3,50,20),(2218,4,210,20),(2219,4,324,21),(2220,2,106,21),(2221,5,298,21),(2222,3,358,21),(2223,3,322,21),(2224,4,443,21),(2225,5,1,21),(2226,4,273,21),(2227,4,123,21),(2228,1,424,21),(2229,1,261,21),(2230,3,217,21),(2231,5,9,21),(2232,3,441,21),(2233,5,408,21),(2234,3,295,21),(2235,5,164,21),(2236,1,103,21),(2237,3,320,21),(2238,1,370,21),(2239,3,50,21),(2240,1,438,21),(2241,5,326,21),(2242,3,294,21),(2243,1,406,21),(2244,5,56,21),(2245,5,7,21),(2246,1,263,21),(2247,3,242,21),(2248,4,15,21),(2249,4,129,21),(2250,1,245,21),(2251,5,127,21),(2252,1,145,21),(2253,1,148,21),(2254,2,413,21),(2255,4,53,21),(2256,2,259,21),(2257,4,330,21),(2258,3,289,21),(2259,3,328,21),(2260,4,218,21),(2261,5,234,21),(2262,2,396,21),(2263,1,437,21),(2264,3,286,21),(2265,4,452,21),(2266,4,258,21),(2267,1,118,21),(2268,2,323,21),(2269,2,5,21),(2270,2,281,21),(2271,4,244,21),(2272,3,379,21),(2273,3,444,21),(2274,1,457,21),(2275,4,325,21),(2276,3,264,21),(2277,3,291,21),(2278,4,301,21),(2279,3,445,21),(2280,5,200,21),(2281,5,447,21),(2282,3,327,21),(2283,1,121,21),(2284,4,240,21),(2285,3,292,21),(2286,1,440,21),(2287,2,260,21),(2288,3,300,21),(2289,5,219,21),(2290,1,439,21),(2291,2,319,21),(2292,3,288,21),(2293,5,100,21),(2294,3,473,21),(2295,1,299,21),(2296,4,262,21),(2297,2,453,21),(2298,3,321,21),(2299,4,17,21),(2300,4,184,21),(2301,4,436,21),(2302,5,98,21),(2303,2,243,21),(2304,2,222,21),(2305,4,448,21),(2306,5,185,21),(2307,5,194,22),(2308,5,358,22),(2309,4,228,22),(2310,1,405,22),(2311,1,163,22),(2312,3,233,22),(2313,5,96,22),(2314,2,229,22),(2315,1,110,22),(2316,4,431,22),(2317,5,435,22),(2318,2,2,22),(2319,3,241,22),(2320,3,386,22),(2321,5,24,22),(2322,4,62,22),(2323,5,4,22),(2324,4,451,22),(2325,4,79,22),(2326,5,50,22),(2327,1,294,22),(2328,5,250,22),(2329,1,367,22),(2330,4,117,22),(2331,5,208,22),(2332,5,127,22),(2333,4,393,22),(2334,4,227,22),(2335,4,226,22),(2336,5,202,22),(2337,3,94,22),(2338,3,53,22),(2339,5,153,22),(2340,4,172,22),(2341,4,68,22),(2342,3,384,22),(2343,1,449,22),(2344,4,175,22),(2345,4,154,22),(2346,5,258,22),(2347,1,105,22),(2348,4,118,22),(2349,5,174,22),(2350,5,144,22),(2351,4,161,22),(2352,3,167,22),(2353,5,238,22),(2354,5,403,22),(2355,5,455,22),(2356,5,128,22),(2357,3,433,22),(2358,1,456,22),(2359,5,186,22),(2360,4,385,22),(2361,1,29,22),(2362,5,173,22),(2363,5,176,22),(2364,3,121,22),(2365,5,89,22),(2366,1,377,22),(2367,5,187,22),(2368,3,210,22),(2369,2,231,22),(2370,4,399,22),(2371,5,181,22),(2372,5,85,22),(2373,4,430,22),(2374,1,411,22),(2375,5,290,22),(2376,4,230,22),(2377,4,216,22),(2378,4,195,22),(2379,3,265,22),(2380,4,17,22),(2381,5,184,22),(2382,4,80,22),(2383,3,376,22),(2384,5,168,22),(2385,3,211,22),(2386,4,109,22),(2387,4,222,22),(2388,4,21,22),(2389,4,209,22),(2390,5,204,22),(2391,3,407,22),(2392,4,194,23),(2393,4,228,23),(2394,4,381,23),(2395,4,405,23),(2396,4,132,23),(2397,5,1,23),(2398,3,229,23),(2399,3,357,23),(2400,4,14,23),(2401,3,315,23),(2402,3,414,23),(2403,4,177,23),(2404,3,213,23),(2405,2,217,23),(2406,3,387,23),(2407,5,189,23),(2408,3,32,23),(2409,5,408,23),(2410,3,62,23),(2411,3,191,23),(2412,4,79,23),(2413,4,404,23),(2414,4,91,23),(2415,1,294,23),(2416,3,73,23),(2417,3,188,23),(2418,4,56,23),(2419,4,170,23),(2420,5,380,23),(2421,3,227,23),(2422,3,183,23),(2423,4,250,23),(2424,4,367,23),(2425,5,275,23),(2426,4,99,23),(2427,5,116,23),(2428,3,145,23),(2429,1,235,23),(2430,2,90,23),(2431,3,202,23),(2432,2,70,23),(2433,5,269,23),(2434,4,96,23),(2435,4,50,23),(2436,4,153,23),(2437,4,95,23),(2438,4,172,23),(2439,4,134,23),(2440,2,449,23),(2441,2,234,23),(2442,3,82,23),(2443,3,155,23),(2444,5,175,23),(2445,5,224,23),(2446,3,154,23),(2447,4,283,23),(2448,5,258,23),(2449,3,151,23),(2450,2,323,23),(2451,2,472,23),(2452,4,174,23),(2453,4,418,23),(2454,4,133,23),(2455,3,144,23),(2456,3,102,23),(2457,2,161,23),(2458,5,124,23),(2459,5,238,23),(2460,5,433,23),(2461,5,421,23),(2462,4,483,23),(2463,4,385,23),(2464,2,215,23),(2465,5,173,23),(2466,3,176,23),(2467,4,55,23),(2468,5,89,23),(2469,2,196,23),(2470,3,28,23),(2471,4,181,23),(2472,3,71,23),(2473,3,257,23),(2474,1,219,23),(2475,3,143,23),(2476,4,230,23),(2477,4,13,23),(2478,4,211,23),(2479,4,463,23),(2480,4,19,23),(2481,4,195,23),(2482,5,100,23),(2483,4,59,23),(2484,3,162,23),(2485,4,203,23),(2486,5,479,23),(2487,4,7,23),(2488,3,88,23),(2489,4,386,23),(2490,5,209,23),(2491,3,204,23),(2492,5,98,23),(2493,4,8,23),(2494,4,216,23),(2495,3,109,23),(2496,4,222,23),(2497,3,423,23),(2498,4,432,23),(2499,4,131,23),(2500,3,419,23),(2501,4,83,23),(2502,2,451,23),(2503,5,427,23),(2504,3,214,23),(2505,4,185,23),(2506,5,171,23),(2507,4,25,24),(2508,5,71,24),(2509,5,178,24),(2510,3,294,24),(2511,5,324,24),(2512,5,191,24),(2513,4,56,24),(2514,5,286,24),(2515,3,358,24),(2516,4,258,24),(2517,5,11,24),(2518,5,151,24),(2519,3,132,24),(2520,5,318,24),(2521,2,367,24),(2522,4,117,24),(2523,5,275,24),(2524,4,97,24),(2525,4,216,24),(2526,5,357,24),(2527,3,129,24),(2528,5,100,24),(2529,4,237,24),(2530,3,58,24),(2531,5,276,24),(2532,5,477,24),(2533,5,223,24),(2534,5,92,24),(2535,4,7,24),(2536,5,12,24),(2537,5,238,24),(2538,4,372,24),(2539,5,200,24),(2540,5,98,24),(2541,3,486,24),(2542,4,475,24),(2543,5,127,24),(2544,5,421,24),(2545,5,41,24),(2546,3,288,24),(2547,5,8,24),(2548,3,109,24),(2549,4,300,24),(2550,5,173,24),(2551,5,9,24),(2552,5,176,24),(2553,5,180,24),(2554,5,55,24),(2555,3,289,24),(2556,5,69,24),(2557,4,249,24),(2558,4,79,24),(2559,4,402,24),(2560,5,427,24),(2561,4,153,24),(2562,5,181,25),(2563,5,25,25),(2564,4,82,25),(2565,4,430,25),(2566,4,257,25),(2567,4,228,25),(2568,4,7,25),(2569,4,480,25),(2570,5,258,25),(2571,4,222,25),(2572,4,239,25),(2573,4,151,25),(2574,5,174,25),(2575,4,183,25),(2576,4,8,25),(2577,3,143,25),(2578,4,13,25),(2579,4,275,25),(2580,4,463,25),(2581,4,208,25),(2582,4,357,25),(2583,4,195,25),(2584,4,477,25),(2585,3,133,25),(2586,4,116,25),(2587,3,127,25),(2588,5,125,25),(2589,4,455,25),(2590,5,478,25),(2591,5,169,25),(2592,5,479,25),(2593,3,177,25),(2594,4,238,25),(2595,3,197,25),(2596,4,265,25),(2597,5,98,25),(2598,4,173,25),(2599,4,474,25),(2600,4,23,25),(2601,4,186,25),(2602,5,189,25),(2603,5,408,25),(2604,4,141,25),(2605,4,176,25),(2606,4,495,25),(2607,4,121,25),(2608,2,432,25),(2609,5,114,25),(2610,4,131,25),(2611,4,269,25),(2612,4,419,25),(2613,4,86,25),(2614,4,79,25),(2615,4,134,25),(2616,4,498,25),(2617,4,427,25),(2618,5,204,25),(2619,5,50,25),(2620,3,404,25),(2621,5,1,25),(2622,3,14,26),(2623,3,315,26),(2624,4,125,26),(2625,3,271,26),(2626,1,122,26),(2627,3,255,26),(2628,3,24,26),(2629,3,293,26),(2630,4,9,26),(2631,4,246,26),(2632,4,276,26),(2633,5,313,26),(2634,3,284,26),(2635,4,50,26),(2636,3,283,26),(2637,3,294,26),(2638,3,343,26),(2639,3,292,26),(2640,3,151,26),(2641,3,117,26),(2642,4,15,26),(2643,4,129,26),(2644,2,116,26),(2645,3,237,26),(2646,5,127,26),(2647,3,252,26),(2648,3,148,26),(2649,2,235,26),(2650,3,150,26),(2651,4,269,26),(2652,2,413,26),(2653,2,249,26),(2654,2,328,26),(2655,3,286,26),(2656,3,258,26),(2657,3,118,26),(2658,2,323,26),(2659,3,111,26),(2660,4,500,26),(2661,3,291,26),(2662,3,222,26),(2663,3,321,26),(2664,2,410,26),(2665,3,475,26),(2666,3,257,26),(2667,3,121,26),(2668,3,240,26),(2669,3,274,26),(2670,4,181,26),(2671,4,300,26),(2672,3,458,26),(2673,3,13,26),(2674,4,288,26),(2675,5,100,26),(2676,3,250,26),(2677,3,455,26),(2678,5,302,26),(2679,3,109,26),(2680,1,456,26),(2681,2,471,26),(2682,3,476,26),(2683,3,316,26),(2684,4,282,26),(2685,4,298,27),(2686,3,286,27),(2687,3,295,27),(2688,3,118,27),(2689,5,123,27),(2690,3,288,27),(2691,3,281,27),(2692,5,100,27),(2693,3,244,27),(2694,2,325,27),(2695,3,148,27),(2696,2,475,27),(2697,4,246,27),(2698,4,9,27),(2699,4,121,27),(2700,4,370,27),(2701,2,423,28),(2702,4,380,28),(2703,2,322,28),(2704,5,228,28),(2705,5,7,28),(2706,5,480,28),(2707,5,258,28),(2708,4,443,28),(2709,1,450,28),(2710,3,323,28),(2711,4,143,28),(2712,4,230,28),(2713,4,479,28),(2714,5,436,28),(2715,5,96,28),(2716,2,229,28),(2717,4,79,28),(2718,3,5,28),(2719,5,174,28),(2720,3,294,28),(2721,4,195,28),(2722,5,100,28),(2723,3,444,28),(2724,4,434,28),(2725,3,145,28),(2726,5,288,28),(2727,5,223,28),(2728,2,332,28),(2729,4,227,28),(2730,4,12,28),(2731,4,184,28),(2732,5,98,28),(2733,2,200,28),(2734,3,173,28),(2735,3,217,28),(2736,3,447,28),(2737,2,441,28),(2738,3,201,28),(2739,4,117,28),(2740,5,56,28),(2741,3,286,28),(2742,4,70,28),(2743,4,271,28),(2744,4,164,28),(2745,5,176,28),(2746,3,153,28),(2747,4,89,28),(2748,5,219,28),(2749,4,196,28),(2750,3,95,28),(2751,4,28,28),(2752,4,209,28),(2753,4,11,28),(2754,5,185,28),(2755,4,31,28),(2756,4,282,28),(2757,2,326,29),(2758,4,294,29),(2759,3,264,29),(2760,5,286,29),(2761,3,300,29),(2762,3,343,29),(2763,4,332,29),(2764,5,12,29),(2765,4,182,29),(2766,4,312,29),(2767,3,245,29),(2768,4,306,29),(2769,4,297,29),(2770,4,302,29),(2771,4,98,29),(2772,4,269,29),(2773,5,246,29),(2774,4,259,29),(2775,4,189,29),(2776,2,358,29),(2777,4,180,29),(2778,4,270,29),(2779,4,480,29),(2780,5,174,30),(2781,4,315,30),(2782,5,435,30),(2783,3,2,30),(2784,4,161,30),(2785,3,252,30),(2786,4,255,30),(2787,4,500,30),(2788,4,7,30),(2789,2,403,30),(2790,4,301,30),(2791,4,321,30),(2792,4,259,30),(2793,3,29,30),(2794,4,164,30),(2795,5,313,30),(2796,2,289,30),(2797,5,69,30),(2798,4,172,30),(2799,4,28,30),(2800,3,50,30),(2801,2,231,30),(2802,3,340,31),(2803,5,175,31),(2804,5,484,31),(2805,4,192,31),(2806,5,136,31),(2807,4,319,31),(2808,2,79,31),(2809,4,299,31),(2810,5,262,31),(2811,4,490,31),(2812,4,321,31),(2813,3,306,31),(2814,4,124,31),(2815,3,297,31),(2816,5,493,31),(2817,4,302,31),(2818,3,246,31),(2819,5,32,31),(2820,4,271,31),(2821,4,153,31),(2822,2,328,31),(2823,4,498,31),(2824,4,181,32),(2825,3,294,32),(2826,5,298,32),(2827,2,122,32),(2828,4,257,32),(2829,4,248,32),(2830,3,235,32),(2831,4,405,32),(2832,3,151,32),(2833,3,290,32),(2834,3,118,32),(2835,3,117,32),(2836,3,100,32),(2837,4,7,32),(2838,4,250,32),(2839,2,245,32),(2840,3,111,32),(2841,2,307,32),(2842,3,222,32),(2843,2,455,32),(2844,5,475,32),(2845,4,288,32),(2846,2,259,32),(2847,3,408,32),(2848,4,276,32),(2849,3,271,32),(2850,3,9,32),(2851,4,313,32),(2852,2,240,32),(2853,4,249,32),(2854,4,50,32),(2855,3,307,33),(2856,3,339,33),(2857,4,271,33),(2858,5,313,33),(2859,4,292,33),(2860,4,348,33),(2861,4,310,34),(2862,5,242,34),(2863,1,294,34),(2864,4,312,34),(2865,1,289,34),(2866,5,292,34),(2867,5,286,34),(2868,5,332,34),(2869,2,288,34),(2870,2,259,34),(2871,5,348,34),(2872,5,324,34),(2873,5,299,34),(2874,3,326,35),(2875,4,333,35),(2876,2,264,35),(2877,1,358,35),(2878,3,322,35),(2879,4,332,35),(2880,2,258,35),(2881,2,242,35),(2882,3,261,35),(2883,3,321,35),(2884,4,259,35),(2885,3,327,35),(2886,5,300,35),(2887,3,328,35),(2888,4,307,36),(2889,4,288,36),(2890,4,333,36),(2891,2,289,36),(2892,2,319,36),(2893,5,358,36),(2894,3,269,36),(2895,4,310,36),(2896,5,261,36),(2897,5,339,36),(2898,4,96,37),(2899,4,117,37),(2900,4,79,37),(2901,5,174,37),(2902,5,195,37),(2903,4,127,37),(2904,5,161,37),(2905,4,265,37),(2906,4,7,37),(2907,5,22,37),(2908,3,147,37),(2909,5,403,37),(2910,5,226,37),(2911,4,24,37),(2912,4,92,37),(2913,2,472,37),(2914,4,288,37),(2915,4,385,37),(2916,3,222,37),(2917,5,62,37),(2918,2,121,37),(2919,3,55,37),(2920,4,176,37),(2921,4,89,37),(2922,4,172,37),(2923,4,11,37),(2924,5,68,37),(2925,5,50,37),(2926,4,210,37),(2927,5,405,38),(2928,5,1,38),(2929,5,112,38),(2930,5,384,38),(2931,3,424,38),(2932,5,252,38),(2933,5,392,38),(2934,5,225,38),(2935,3,401,38),(2936,1,122,38),(2937,5,451,38),(2938,5,313,38),(2939,2,383,38),(2940,3,79,38),(2941,5,404,38),(2942,5,326,38),(2943,5,294,38),(2944,2,188,38),(2945,5,78,38),(2946,3,318,38),(2947,5,97,38),(2948,5,409,38),(2949,5,99,38),(2950,2,127,38),(2951,1,145,38),(2952,5,393,38),(2953,1,226,38),(2954,2,202,38),(2955,5,70,38),(2956,5,94,38),(2957,1,413,38),(2958,3,259,38),(2959,4,67,38),(2960,5,465,38),(2961,5,153,38),(2962,5,95,38),(2963,4,328,38),(2964,3,218,38),(2965,5,234,38),(2966,5,82,38),(2967,5,155,38),(2968,5,452,38),(2969,3,105,38),(2970,5,118,38),(2971,5,402,38),(2972,5,418,38),(2973,2,133,38),(2974,5,144,38),(2975,1,444,38),(2976,5,161,38),(2977,5,22,38),(2978,1,403,38),(2979,2,445,38),(2980,5,200,38),(2981,3,410,38),(2982,5,389,38),(2983,5,433,38),(2984,2,356,38),(2985,5,140,38),(2986,3,243,38),(2987,2,139,38),(2988,4,28,38),(2989,5,71,38),(2990,1,257,38),(2991,3,411,38),(2992,1,450,38),(2993,5,288,38),(2994,5,216,38),(2995,1,195,38),(2996,5,420,38),(2997,5,162,38),(2998,2,406,38),(2999,5,88,38),(3000,3,395,38),(3001,1,400,38),(3002,5,84,38),(3003,1,211,38),(3004,5,447,38),(3005,5,423,38),(3006,1,432,38),(3007,5,69,38),(3008,5,419,38),(3009,5,247,38),(3010,5,35,38),(3011,3,345,39),(3012,4,294,39),(3013,3,300,39),(3014,4,258,39),(3015,4,319,39),(3016,5,352,39),(3017,5,288,39),(3018,4,333,39),(3019,4,315,39),(3020,3,306,39),(3021,2,307,39),(3022,3,301,39),(3023,5,302,39),(3024,4,270,39),(3025,3,339,39),(3026,4,347,39),(3027,4,313,39),(3028,2,272,39),(3029,2,340,40),(3030,4,345,40),(3031,4,294,40),(3032,2,286,40),(3033,3,358,40),(3034,3,258,40),(3035,3,310,40),(3036,4,242,40),(3037,2,347,40),(3038,3,316,40),(3039,3,245,40),(3040,4,321,40),(3041,4,333,40),(3042,1,343,40),(3043,4,297,40),(3044,2,271,40),(3045,3,302,40),(3046,1,269,40),(3047,4,246,40),(3048,2,259,40),(3049,2,346,40),(3050,3,300,40),(3051,2,272,40),(3052,3,270,40),(3053,3,328,40),(3054,4,337,40),(3055,4,181,41),(3056,4,188,41),(3057,5,175,41),(3058,3,194,41),(3059,5,430,41),(3060,4,56,41),(3061,4,170,41),(3062,4,357,41),(3063,4,318,41),(3064,4,205,41),(3065,4,486,41),(3066,4,96,41),(3067,3,216,41),(3068,3,97,41),(3069,4,1,41),(3070,4,174,41),(3071,4,195,41),(3072,4,100,41),(3073,3,435,41),(3074,3,58,41),(3075,4,414,41),(3076,5,238,41),(3077,3,265,41),(3078,4,98,41),(3079,2,202,41),(3080,4,153,41),(3081,5,180,41),(3082,5,168,41),(3083,4,286,41),(3084,2,276,41),(3085,4,173,41),(3086,3,313,41),(3087,2,423,41),(3088,2,289,41),(3089,4,69,41),(3090,5,474,41),(3091,4,191,41),(3092,3,196,41),(3093,4,28,41),(3094,4,209,41),(3095,4,152,41),(3096,3,31,41),(3097,5,50,41),(3098,4,156,41),(3099,3,25,42),(3100,5,194,42),(3101,4,228,42),(3102,4,471,42),(3103,3,443,42),(3104,5,132,42),(3105,5,1,42),(3106,3,273,42),(3107,5,96,42),(3108,4,229,42),(3109,5,196,42),(3110,5,210,42),(3111,5,357,42),(3112,5,2,42),(3113,5,58,42),(3114,3,428,42),(3115,4,125,42),(3116,3,265,42),(3117,4,54,42),(3118,2,43,42),(3119,3,387,42),(3120,5,77,42),(3121,1,276,42),(3122,2,451,42),(3123,3,103,42),(3124,3,38,42),(3125,5,79,42),(3126,5,496,42),(3127,3,284,42),(3128,5,404,42),(3129,3,283,42),(3130,4,294,42),(3131,4,73,42),(3132,4,405,42),(3133,4,380,42),(3134,2,462,42),(3135,4,183,42),(3136,4,369,42),(3137,2,367,42),(3138,3,97,42),(3139,4,15,42),(3140,3,409,42),(3141,5,99,42),(3142,4,237,42),(3143,4,227,42),(3144,5,202,42),(3145,3,70,42),(3146,1,413,42),(3147,4,280,42),(3148,5,50,42),(3149,3,141,42),(3150,5,95,42),(3151,3,86,42),(3152,5,172,42),(3153,4,234,42),(3154,4,82,42),(3155,2,175,42),(3156,3,491,42),(3157,5,239,42),(3158,4,118,42),(3159,3,467,42),(3160,5,402,42),(3161,3,281,42),(3162,5,174,42),(3163,5,418,42),(3164,5,102,42),(3165,4,161,42),(3166,1,111,42),(3167,4,66,42),(3168,4,222,42),(3169,3,403,42),(3170,3,410,42),(3171,2,433,42),(3172,4,151,42),(3173,5,385,42),(3174,5,215,42),(3175,5,173,42),(3176,3,176,42),(3177,4,121,42),(3178,4,469,42),(3179,5,274,42),(3180,5,28,42),(3181,4,468,42),(3182,5,64,42),(3183,4,135,42),(3184,5,181,42),(3185,4,71,42),(3186,1,219,42),(3187,4,411,42),(3188,4,142,42),(3189,3,290,42),(3190,3,72,42),(3191,4,143,42),(3192,5,230,42),(3193,4,211,42),(3194,4,136,42),(3195,5,318,42),(3196,5,195,42),(3197,3,44,42),(3198,5,48,42),(3199,4,479,42),(3200,4,371,42),(3201,4,12,42),(3202,5,88,42),(3203,4,98,42),(3204,4,87,42),(3205,3,168,42),(3206,4,203,42),(3207,5,216,42),(3208,3,456,42),(3209,4,63,42),(3210,5,423,42),(3211,3,432,42),(3212,4,69,42),(3213,2,131,42),(3214,5,419,42),(3215,4,83,42),(3216,4,427,42),(3217,5,204,42),(3218,4,282,42),(3219,4,423,43),(3220,3,40,43),(3221,5,1,43),(3222,4,49,43),(3223,1,123,43),(3224,5,210,43),(3225,5,189,43),(3226,2,14,43),(3227,4,315,43),(3228,4,241,43),(3229,2,225,43),(3230,3,58,43),(3231,5,169,43),(3232,3,271,43),(3233,3,54,43),(3234,2,217,43),(3235,4,127,43),(3236,3,77,43),(3237,4,4,43),(3238,4,276,43),(3239,4,336,43),(3240,4,9,43),(3241,5,313,43),(3242,5,11,43),(3243,5,272,43),(3244,5,191,43),(3245,4,79,43),(3246,5,498,43),(3247,5,284,43),(3248,4,50,43),(3249,2,283,43),(3250,3,91,43),(3251,5,294,43),(3252,4,73,43),(3253,4,66,43),(3254,5,56,43),(3255,4,203,43),(3256,5,318,43),(3257,4,151,43),(3258,4,486,43),(3259,4,285,43),(3260,4,117,43),(3261,4,275,43),(3262,5,97,43),(3263,4,312,43),(3264,5,15,43),(3265,3,409,43),(3266,2,317,43),(3267,4,237,43),(3268,4,252,43),(3269,4,393,43),(3270,3,235,43),(3271,3,226,43),(3272,4,70,43),(3273,4,52,43),(3274,5,269,43),(3275,3,280,43),(3276,5,202,43),(3277,5,153,43),(3278,4,95,43),(3279,4,86,43),(3280,4,172,43),(3281,4,328,43),(3282,5,64,43),(3283,5,300,43),(3284,4,181,43),(3285,4,82,43),(3286,4,155,43),(3287,2,175,43),(3288,5,408,43),(3289,4,286,43),(3290,4,71,43),(3291,5,258,43),(3292,4,204,43),(3293,4,118,43),(3294,3,323,43),(3295,5,382,43),(3296,2,250,43),(3297,4,402,43),(3298,4,5,43),(3299,4,174,43),(3300,4,418,43),(3301,4,482,43),(3302,4,133,43),(3303,4,144,43),(3304,4,102,43),(3305,3,63,43),(3306,4,111,43),(3307,4,124,43),(3308,3,291,43),(3309,2,238,43),(3310,4,403,43),(3311,5,301,43),(3312,3,321,43),(3313,3,421,43),(3314,3,186,43),(3315,4,161,43),(3316,5,215,43),(3317,5,173,43),(3318,4,140,43),(3319,1,51,43),(3320,5,496,43),(3321,2,3,43),(3322,4,28,43),(3323,4,289,43),(3324,4,231,43),(3325,4,491,43),(3326,5,385,43),(3327,1,277,43),(3328,4,137,43),(3329,4,257,43),(3330,3,411,43),(3331,5,26,43),(3332,3,278,43),(3333,4,290,43),(3334,4,143,43),(3335,4,479,43),(3336,3,347,43),(3337,4,100,43),(3338,4,121,43),(3339,3,473,43),(3340,4,211,43),(3341,3,17,43),(3342,4,7,43),(3343,5,12,43),(3344,5,88,43),(3345,4,302,43),(3346,5,98,43),(3347,4,367,43),(3348,4,354,43),(3349,4,168,43),(3350,4,8,43),(3351,3,254,43),(3352,5,216,43),(3353,4,222,43),(3354,3,471,43),(3355,5,114,43),(3356,4,196,43),(3357,3,432,43),(3358,4,69,43),(3359,3,131,43),(3360,4,371,43),(3361,5,316,43),(3362,5,208,43),(3363,2,25,44),(3364,2,106,44),(3365,2,298,44),(3366,5,194,44),(3367,4,274,44),(3368,5,228,44),(3369,3,405,44),(3370,4,163,44),(3371,5,443,44),(3372,4,132,44),(3373,4,1,44),(3374,4,123,44),(3375,3,229,44),(3376,4,357,44),(3377,4,433,44),(3378,3,24,44),(3379,4,164,44),(3380,5,9,44),(3381,4,313,44),(3382,3,11,44),(3383,4,474,44),(3384,4,191,44),(3385,4,240,44),(3386,4,31,44),(3387,5,50,44),(3388,4,81,44),(3389,2,91,44),(3390,4,294,44),(3391,4,429,44),(3392,2,56,44),(3393,4,380,44),(3394,5,7,44),(3395,4,260,44),(3396,4,157,44),(3397,3,118,44),(3398,5,250,44),(3399,2,97,44),(3400,4,208,44),(3401,4,15,44),(3402,4,147,44),(3403,3,159,44),(3404,4,317,44),(3405,4,99,44),(3406,3,237,44),(3407,4,434,44),(3408,4,245,44),(3409,3,470,44),(3410,2,252,44),(3411,4,148,44),(3412,4,227,44),(3413,2,90,44),(3414,4,202,44),(3415,4,96,44),(3416,3,193,44),(3417,3,67,44),(3418,5,100,44),(3419,4,153,44),(3420,4,95,44),(3421,4,249,44),(3422,4,328,44),(3423,5,64,44),(3424,5,135,44),(3425,5,449,44),(3426,4,82,44),(3427,3,155,44),(3428,4,175,44),(3429,4,258,44),(3430,4,151,44),(3431,4,5,44),(3432,5,174,44),(3433,4,133,44),(3434,4,144,44),(3435,2,102,44),(3436,2,448,44),(3437,4,161,44),(3438,4,22,44),(3439,4,238,44),(3440,4,197,44),(3441,4,200,44),(3442,3,385,44),(3443,5,173,44),(3444,5,176,44),(3445,1,412,44),(3446,4,121,44),(3447,4,55,44),(3448,4,496,44),(3449,5,89,44),(3450,4,196,44),(3451,4,480,44),(3452,3,378,44),(3453,2,231,44),(3454,4,181,44),(3455,3,71,44),(3456,4,257,44),(3457,5,318,44),(3458,2,450,44),(3459,4,143,44),(3460,2,230,44),(3461,1,216,44),(3462,4,172,44),(3463,4,183,44),(3464,5,195,44),(3465,4,198,44),(3466,5,190,44),(3467,4,307,44),(3468,2,88,44),(3469,5,209,44),(3470,4,204,44),(3471,2,98,44),(3472,5,87,44),(3473,5,168,44),(3474,4,211,44),(3475,3,109,44),(3476,4,222,44),(3477,2,21,44),(3478,4,447,44),(3479,4,423,44),(3480,5,432,44),(3481,4,69,44),(3482,4,419,44),(3483,3,427,44),(3484,5,214,44),(3485,4,185,44),(3486,2,201,44),(3487,4,181,45),(3488,4,25,45),(3489,4,225,45),(3490,3,7,45),(3491,5,257,45),(3492,3,411,45),(3493,3,278,45),(3494,4,118,45),(3495,5,1,45),(3496,2,151,45),(3497,5,13,45),(3498,3,472,45),(3499,3,288,45),(3500,4,15,45),(3501,5,100,45),(3502,3,473,45),(3503,4,237,45),(3504,5,127,45),(3505,4,111,45),(3506,4,108,45),(3507,5,276,45),(3508,5,109,45),(3509,3,21,45),(3510,4,121,45),(3511,3,476,45),(3512,3,24,45),(3513,4,284,45),(3514,4,282,45),(3515,4,181,46),(3516,5,333,46),(3517,2,294,46),(3518,4,93,46),(3519,5,286,46),(3520,3,300,46),(3521,3,307,46),(3522,4,332,46),(3523,4,151,46),(3524,2,288,46),(3525,4,100,46),(3526,5,262,46),(3527,4,125,46),(3528,4,7,46),(3529,3,245,46),(3530,5,127,46),(3531,4,327,46),(3532,5,313,46),(3533,4,328,46),(3534,5,340,47),(3535,3,324,47),(3536,3,286,47),(3537,2,322,47),(3538,4,258,47),(3539,2,323,47),(3540,2,288,47),(3541,5,262,47),(3542,4,321,47),(3543,4,306,47),(3544,3,500,47),(3545,4,307,47),(3546,4,297,47),(3547,4,301,47),(3548,5,302,47),(3549,4,269,47),(3550,4,246,47),(3551,4,327,47),(3552,4,289,47),(3553,5,181,48),(3554,3,71,48),(3555,3,294,48),(3556,4,194,48),(3557,3,56,48),(3558,4,170,48),(3559,3,228,48),(3560,5,357,48),(3561,4,480,48),(3562,5,132,48),(3563,5,183,48),(3564,3,323,48),(3565,4,479,48),(3566,5,187,48),(3567,4,136,48),(3568,5,174,48),(3569,5,195,48),(3570,4,428,48),(3571,4,306,48),(3572,4,427,48),(3573,4,302,48),(3574,5,98,48),(3575,4,202,48),(3576,3,433,48),(3577,1,269,48),(3578,2,193,48),(3579,5,483,48),(3580,4,259,48),(3581,3,286,48),(3582,4,215,48),(3583,3,425,48),(3584,4,423,48),(3585,1,289,48),(3586,3,243,48),(3587,5,191,48),(3588,5,172,48),(3589,2,28,48),(3590,5,209,48),(3591,5,496,48),(3592,4,185,48),(3593,4,50,48),(3594,5,308,48),(3595,2,25,49),(3596,4,324,49),(3597,5,93,49),(3598,2,122,49),(3599,1,358,49),(3600,5,47,49),(3601,1,369,49),(3602,1,40,49),(3603,2,1,49),(3604,2,49,49),(3605,1,123,49),(3606,4,99,49),(3607,1,2,49),(3608,4,7,49),(3609,1,82,49),(3610,5,428,49),(3611,4,386,49),(3612,2,401,49),(3613,4,372,49),(3614,3,213,49),(3615,3,217,49),(3616,3,246,49),(3617,1,77,49),(3618,2,4,49),(3619,2,62,49),(3620,3,313,49),(3621,3,11,49),(3622,5,320,49),(3623,1,38,49),(3624,4,55,49),(3625,5,179,49),(3626,3,10,49),(3627,1,50,49),(3628,3,404,49),(3629,3,283,49),(3630,5,91,49),(3631,1,294,49),(3632,3,3,49),(3633,2,406,49),(3634,5,56,49),(3635,2,235,49),(3636,2,462,49),(3637,3,367,49),(3638,1,117,49),(3639,4,346,49),(3640,3,312,49),(3641,1,147,49),(3642,2,129,49),(3643,2,159,49),(3644,4,116,49),(3645,1,145,49),(3646,1,148,49),(3647,2,39,49),(3648,2,343,49),(3649,4,256,49),(3650,1,90,49),(3651,3,202,49),(3652,2,70,49),(3653,2,52,49),(3654,1,413,49),(3655,4,53,49),(3656,3,465,49),(3657,4,289,49),(3658,2,95,49),(3659,1,172,49),(3660,2,328,49),(3661,1,68,49),(3662,2,477,49),(3663,2,218,49),(3664,4,396,49),(3665,2,225,49),(3666,5,175,49),(3667,5,154,49),(3668,2,258,49),(3669,2,239,49),(3670,5,151,49),(3671,3,182,49),(3672,3,8,49),(3673,2,382,49),(3674,1,174,49),(3675,1,96,49),(3676,3,418,49),(3677,2,102,49),(3678,1,161,49),(3679,3,325,49),(3680,2,111,49),(3681,4,238,49),(3682,3,403,49),(3683,3,301,49),(3684,1,455,49),(3685,3,200,49),(3686,4,475,49),(3687,2,270,49),(3688,4,57,49),(3689,1,385,49),(3690,3,101,49),(3691,3,173,49),(3692,1,121,49),(3693,3,240,49),(3694,1,219,49),(3695,5,432,49),(3696,3,231,49),(3697,1,181,49),(3698,3,71,49),(3699,3,85,49),(3700,4,287,49),(3701,1,300,49),(3702,4,42,49),(3703,2,290,49),(3704,2,72,49),(3705,3,143,49),(3706,3,13,49),(3707,3,347,49),(3708,4,100,49),(3709,3,473,49),(3710,2,299,49),(3711,5,262,49),(3712,4,420,49),(3713,2,17,49),(3714,4,12,49),(3715,4,334,49),(3716,4,302,49),(3717,1,204,49),(3718,4,98,49),(3719,2,54,49),(3720,1,80,49),(3721,5,168,49),(3722,2,108,49),(3723,5,433,49),(3724,2,423,49),(3725,1,476,49),(3726,4,419,49),(3727,5,209,49),(3728,4,208,49),(3729,5,185,49),(3730,5,324,50),(3731,2,286,50),(3732,5,319,50),(3733,4,123,50),(3734,4,288,50),(3735,5,253,50),(3736,2,15,50),(3737,2,100,50),(3738,1,325,50),(3739,2,125,50),(3740,1,124,50),(3741,2,276,50),(3742,5,475,50),(3743,4,246,50),(3744,3,327,50),(3745,5,181,51),(3746,4,132,51),(3747,3,479,51),(3748,3,182,51),(3749,4,136,51),(3750,1,485,51),(3751,5,144,51),(3752,3,148,51),(3753,3,184,51),(3754,5,173,51),(3755,5,83,51),(3756,4,203,51),(3757,4,496,51),(3758,5,172,51),(3759,2,134,51),(3760,5,50,51),(3761,4,210,51),(3762,4,95,52),(3763,2,235,52),(3764,5,258,52),(3765,4,405,52),(3766,5,151,52),(3767,5,126,52),(3768,5,318,52),(3769,3,250,52),(3770,5,13,52),(3771,4,117,52),(3772,4,275,52),(3773,5,463,52),(3774,5,15,52),(3775,4,100,52),(3776,4,473,52),(3777,4,116,52),(3778,4,237,52),(3779,4,111,52),(3780,5,427,52),(3781,5,22,52),(3782,4,302,52),(3783,5,285,52),(3784,3,280,52),(3785,4,475,52),(3786,3,288,52),(3787,4,121,52),(3788,4,471,52),(3789,5,191,52),(3790,5,277,52),(3791,5,498,52),(3792,4,204,52),(3793,5,19,52),(3794,4,181,53),(3795,4,25,53),(3796,4,257,53),(3797,3,228,53),(3798,4,258,53),(3799,4,118,53),(3800,4,151,53),(3801,2,250,53),(3802,4,96,53),(3803,4,281,53),(3804,5,174,53),(3805,5,100,53),(3806,3,7,53),(3807,3,24,53),(3808,4,121,53),(3809,4,156,53),(3810,2,284,53),(3811,4,50,53),(3812,5,15,53),(3813,5,64,53),(3814,5,181,54),(3815,4,25,54),(3816,4,340,54),(3817,5,333,54),(3818,4,405,54),(3819,3,106,54),(3820,4,298,54),(3821,2,406,54),(3822,4,257,54),(3823,5,411,54),(3824,4,260,54),(3825,4,258,54),(3826,4,471,54),(3827,4,118,54),(3828,4,1,54),(3829,2,151,54),(3830,4,250,54),(3831,4,273,54),(3832,4,288,54),(3833,4,346,54),(3834,5,100,54),(3835,4,237,54),(3836,4,245,54),(3837,4,127,54),(3838,3,325,54),(3839,3,148,54),(3840,4,307,54),(3841,1,291,54),(3842,4,7,54),(3843,5,147,54),(3844,3,255,54),(3845,5,475,54),(3846,4,302,54),(3847,5,117,54),(3848,3,338,54),(3849,5,327,54),(3850,3,295,54),(3851,3,252,54),(3852,5,276,54),(3853,5,272,54),(3854,4,240,54),(3855,4,121,54),(3856,1,24,54),(3857,4,328,54),(3858,5,50,54),(3859,4,313,54),(3860,5,273,55),(3861,3,117,55),(3862,5,22,55),(3863,2,254,55),(3864,5,89,55),(3865,3,121,55),(3866,4,56,55),(3867,3,257,55),(3868,5,79,55),(3869,5,144,55),(3870,4,181,55),(3871,3,7,55),(3872,1,405,55),(3873,5,118,55),(3874,4,50,55),(3875,4,25,56),(3876,4,298,56),(3877,5,194,56),(3878,3,228,56),(3879,4,405,56),(3880,4,443,56),(3881,1,233,56),(3882,4,1,56),(3883,4,94,56),(3884,3,229,56),(3885,3,77,56),(3886,4,234,56),(3887,3,435,56),(3888,3,167,56),(3889,4,392,56),(3890,4,169,56),(3891,5,215,56),(3892,3,372,56),(3893,2,122,56),(3894,4,265,56),(3895,5,62,56),(3896,3,158,56),(3897,4,189,56),(3898,4,408,56),(3899,2,154,56),(3900,4,164,56),(3901,2,383,56),(3902,2,38,56),(3903,4,191,56),(3904,4,79,56),(3905,3,179,56),(3906,4,11,56),(3907,4,31,56),(3908,5,50,56),(3909,4,91,56),(3910,4,294,56),(3911,4,73,56),(3912,5,56,56),(3913,3,78,56),(3914,3,227,56),(3915,5,183,56),(3916,4,118,56),(3917,4,184,56),(3918,3,97,56),(3919,5,237,56),(3920,4,226,56),(3921,4,393,56),(3922,1,235,56),(3923,4,426,56),(3924,2,90,56),(3925,4,202,56),(3926,4,70,56),(3927,5,96,56),(3928,4,280,56),(3929,5,193,56),(3930,3,53,56),(3931,2,67,56),(3932,4,153,56),(3933,4,95,56),(3934,5,172,56),(3935,3,68,56),(3936,3,368,56),(3937,5,449,56),(3938,4,82,56),(3939,3,295,56),(3940,3,391,56),(3941,4,258,56),(3942,4,239,56),(3943,4,151,56),(3944,3,323,56),(3945,5,402,56),(3946,2,281,56),(3947,5,174,56),(3948,5,144,56),(3949,4,42,56),(3950,4,161,56),(3951,2,111,56),(3952,3,66,56),(3953,5,22,56),(3954,5,238,56),(3955,4,403,56),(3956,4,200,56),(3957,4,410,56),(3958,4,433,56),(3959,4,373,56),(3960,4,483,56),(3961,3,186,56),(3962,4,385,56),(3963,3,29,56),(3964,4,173,56),(3965,5,176,56),(3966,3,51,56),(3967,5,121,56),(3968,4,89,56),(3969,3,63,56),(3970,5,181,56),(3971,2,196,56),(3972,5,28,56),(3973,4,441,56),(3974,5,210,56),(3975,5,64,56),(3976,3,231,56),(3977,4,399,56),(3978,3,386,56),(3979,4,71,56),(3980,4,232,56),(3981,4,300,56),(3982,5,219,56),(3983,3,450,56),(3984,4,44,56),(3985,3,143,56),(3986,5,230,56),(3987,4,114,56),(3988,4,216,56),(3989,5,195,56),(3990,2,473,56),(3991,5,7,56),(3992,1,88,56),(3993,3,395,56),(3994,4,98,56),(3995,4,87,56),(3996,3,376,56),(3997,2,168,56),(3998,5,117,56),(3999,5,222,56),(4000,4,447,56),(4001,5,423,56),(4002,5,432,56),(4003,4,69,56),(4004,2,225,56),(4005,3,451,56),(4006,5,204,56),(4007,4,421,56),(4008,3,125,57),(4009,3,271,57),(4010,4,194,57),(4011,3,11,57),(4012,5,79,57),(4013,3,284,57),(4014,5,50,57),(4015,5,199,57),(4016,4,294,57),(4017,5,42,57),(4018,2,264,57),(4019,3,56,57),(4020,5,318,57),(4021,3,250,57),(4022,4,8,57),(4023,4,117,57),(4024,4,15,57),(4025,4,409,57),(4026,4,237,57),(4027,4,245,57),(4028,2,252,57),(4029,5,249,57),(4030,4,477,57),(4031,3,225,57),(4032,5,295,57),(4033,5,258,57),(4034,3,105,57),(4035,3,151,57),(4036,3,323,57),(4037,1,472,57),(4038,4,281,57),(4039,3,144,57),(4040,4,111,57),(4041,5,500,57),(4042,5,222,57),(4043,4,321,57),(4044,3,410,57),(4045,2,475,57),(4046,5,257,57),(4047,5,173,57),(4048,4,121,57),(4049,2,240,57),(4050,4,496,57),(4051,3,243,57),(4052,4,28,57),(4053,5,64,57),(4054,5,181,57),(4055,4,411,57),(4056,4,288,57),(4057,3,195,57),(4058,5,100,57),(4059,3,473,57),(4060,4,7,57),(4061,3,168,57),(4062,4,109,57),(4063,3,456,57),(4064,4,471,57),(4065,3,476,57),(4066,3,419,57),(4067,3,24,57),(4068,4,204,57),(4069,4,25,58),(4070,2,497,58),(4071,3,194,58),(4072,5,228,58),(4073,4,248,58),(4074,4,381,58),(4075,5,483,58),(4076,3,198,58),(4077,5,1,58),(4078,4,123,58),(4079,4,169,58),(4080,4,255,58),(4081,5,213,58),(4082,5,246,58),(4083,4,176,58),(4084,3,189,58),(4085,5,32,58),(4086,5,408,58),(4087,4,9,58),(4088,5,272,58),(4089,5,11,58),(4090,5,313,58),(4091,4,474,58),(4092,5,191,58),(4093,4,284,58),(4094,4,199,58),(4095,1,283,58),(4096,4,42,58),(4097,5,56,58),(4098,3,480,58),(4099,4,462,58),(4100,3,318,58),(4101,5,367,58),(4102,4,310,58),(4103,5,275,58),(4104,5,116,58),(4105,4,237,58),(4106,4,127,58),(4107,4,490,58),(4108,4,150,58),(4109,4,70,58),(4110,4,269,58),(4111,3,193,58),(4112,4,182,58),(4113,4,50,58),(4114,1,20,58),(4115,5,153,58),(4116,5,45,58),(4117,4,249,58),(4118,5,172,58),(4119,5,134,58),(4120,4,300,58),(4121,5,175,58),(4122,3,151,58),(4123,4,8,58),(4124,4,340,58),(4125,4,174,58),(4126,4,144,58),(4127,4,111,58),(4128,5,124,58),(4129,5,223,58),(4130,4,311,58),(4131,5,238,58),(4132,3,200,58),(4133,5,475,58),(4134,5,433,58),(4135,5,173,58),(4136,5,425,58),(4137,2,121,58),(4138,4,240,58),(4139,2,496,58),(4140,3,89,58),(4141,4,210,58),(4142,5,64,58),(4143,4,135,58),(4144,3,181,58),(4145,4,491,58),(4146,2,405,58),(4147,5,137,58),(4148,5,257,58),(4149,3,13,58),(4150,3,347,58),(4151,3,463,58),(4152,4,195,58),(4153,5,100,58),(4154,5,7,58),(4155,5,12,58),(4156,4,204,58),(4157,4,98,58),(4158,5,61,58),(4159,3,354,58),(4160,5,168,58),(4161,5,203,58),(4162,3,216,58),(4163,4,109,58),(4164,4,222,58),(4165,1,69,58),(4166,5,209,58),(4167,2,214,58),(4168,2,185,58),(4169,2,120,58),(4170,5,171,58),(4171,4,25,59),(4172,5,381,59),(4173,2,485,59),(4174,5,127,59),(4175,5,23,59),(4176,5,176,59),(4177,5,11,59),(4178,4,191,59),(4179,5,179,59),(4180,5,50,59),(4181,4,91,59),(4182,5,42,59),(4183,4,188,59),(4184,5,318,59),(4185,4,99,59),(4186,3,470,59),(4187,4,490,59),(4188,2,465,59),(4189,3,477,59),(4190,5,234,59),(4191,5,82,59),(4192,3,71,59),(4193,4,111,59),(4194,5,238,59),(4195,5,430,59),(4196,4,141,59),(4197,5,421,59),(4198,4,121,59),(4199,1,243,59),(4200,5,219,59),(4201,1,274,59),(4202,3,468,59),(4203,5,135,59),(4204,5,181,59),(4205,4,177,59),(4206,5,183,59),(4207,4,216,59),(4208,3,473,59),(4209,3,33,59),(4210,5,423,59),(4211,4,489,59),(4212,2,476,59),(4213,4,83,59),(4214,5,185,59),(4215,4,106,59),(4216,3,405,59),(4217,5,443,59),(4218,5,132,59),(4219,4,431,59),(4220,4,466,59),(4221,5,435,59),(4222,5,428,59),(4223,4,265,59),(4224,4,77,59),(4225,4,4,59),(4226,5,474,59),(4227,5,60,59),(4228,5,462,59),(4229,4,367,59),(4230,4,285,59),(4231,3,227,59),(4232,4,52,59),(4233,5,45,59),(4234,4,193,59),(4235,3,232,59),(4236,5,172,59),(4237,4,484,59),(4238,4,323,59),(4239,4,382,59),(4240,4,402,59),(4241,5,118,59),(4242,3,161,59),(4243,4,22,59),(4244,5,447,59),(4245,5,483,59),(4246,4,385,59),(4247,5,55,59),(4248,4,81,59),(4249,5,28,59),(4250,5,69,59),(4251,5,287,59),(4252,4,277,59),(4253,4,458,59),(4254,4,230,59),(4255,5,479,59),(4256,5,195,59),(4257,5,100,59),(4258,5,403,59),(4259,5,48,59),(4260,4,321,59),(4261,5,190,59),(4262,5,12,59),(4263,5,209,59),(4264,5,147,59),(4265,5,98,59),(4266,4,131,59),(4267,5,204,59),(4268,2,369,59),(4269,5,126,59),(4270,3,123,59),(4271,3,229,59),(4272,5,357,59),(4273,4,58,59),(4274,3,125,59),(4275,4,169,59),(4276,3,194,59),(4277,4,24,59),(4278,3,387,59),(4279,4,32,59),(4280,5,276,59),(4281,4,9,59),(4282,5,47,59),(4283,5,79,59),(4284,4,10,59),(4285,3,488,59),(4286,3,404,59),(4287,4,73,59),(4288,4,429,59),(4289,3,380,59),(4290,5,480,59),(4291,5,436,59),(4292,5,97,59),(4293,5,208,59),(4294,4,116,59),(4295,3,237,59),(4296,4,39,59),(4297,4,226,59),(4298,4,202,59),(4299,2,95,59),(4300,5,134,59),(4301,5,218,59),(4302,3,286,59),(4303,3,258,59),(4304,5,182,59),(4305,3,205,59),(4306,5,174,59),(4307,3,133,59),(4308,2,102,59),(4309,5,200,59),(4310,2,220,59),(4311,5,101,59),(4312,1,140,59),(4313,4,425,59),(4314,5,51,59),(4315,2,240,59),(4316,4,212,59),(4317,4,3,59),(4318,5,187,59),(4319,5,64,59),(4320,4,491,59),(4321,1,142,59),(4322,4,44,59),(4323,1,143,59),(4324,5,13,59),(4325,4,149,59),(4326,5,211,59),(4327,3,136,59),(4328,5,59,59),(4329,3,416,59),(4330,4,7,59),(4331,4,87,59),(4332,4,54,59),(4333,4,61,59),(4334,5,168,59),(4335,4,203,59),(4336,5,196,59),(4337,4,432,59),(4338,2,419,59),(4339,5,427,59),(4340,4,201,59),(4341,4,228,59),(4342,2,1,59),(4343,2,273,59),(4344,5,96,59),(4345,4,65,59),(4346,5,14,59),(4347,4,241,59),(4348,2,392,59),(4349,5,451,59),(4350,5,313,59),(4351,5,498,59),(4352,2,284,59),(4353,4,199,59),(4354,5,56,59),(4355,4,170,59),(4356,5,151,59),(4357,5,15,59),(4358,5,129,59),(4359,5,30,59),(4360,4,434,59),(4361,3,148,59),(4362,2,393,59),(4363,1,235,59),(4364,2,90,59),(4365,3,70,59),(4366,5,53,59),(4367,4,180,59),(4368,3,86,59),(4369,2,68,59),(4370,4,175,59),(4371,3,472,59),(4372,2,418,59),(4373,5,197,59),(4374,3,410,59),(4375,5,433,59),(4376,5,186,59),(4377,4,492,59),(4378,5,215,59),(4379,5,173,59),(4380,4,496,59),(4381,5,89,59),(4382,4,210,59),(4383,5,137,59),(4384,3,290,59),(4385,5,288,59),(4386,5,198,59),(4387,4,184,59),(4388,5,92,59),(4389,4,18,59),(4390,4,109,59),(4391,4,448,59),(4392,5,492,60),(4393,4,194,60),(4394,3,478,60),(4395,4,47,60),(4396,4,405,60),(4397,4,163,60),(4398,4,443,60),(4399,4,132,60),(4400,4,96,60),(4401,4,229,60),(4402,4,357,60),(4403,4,485,60),(4404,3,499,60),(4405,3,71,60),(4406,5,265,60),(4407,4,69,60),(4408,4,23,60),(4409,4,77,60),(4410,5,9,60),(4411,4,272,60),(4412,4,416,60),(4413,4,210,60),(4414,5,474,60),(4415,4,79,60),(4416,4,179,60),(4417,5,498,60),(4418,5,212,60),(4419,5,50,60),(4420,3,404,60),(4421,5,199,60),(4422,3,495,60),(4423,5,60,60),(4424,4,73,60),(4425,4,56,60),(4426,4,480,60),(4427,5,183,60),(4428,4,160,60),(4429,4,275,60),(4430,3,225,60),(4431,3,97,60),(4432,5,208,60),(4433,4,15,60),(4434,5,30,60),(4435,4,237,60),(4436,5,434,60),(4437,4,490,60),(4438,4,393,60),(4439,4,227,60),(4440,5,493,60),(4441,4,70,60),(4442,3,141,60),(4443,3,153,60),(4444,4,95,60),(4445,4,172,60),(4446,4,134,60),(4447,4,61,60),(4448,4,417,60),(4449,4,218,60),(4450,4,366,60),(4451,4,234,60),(4452,3,82,60),(4453,5,175,60),(4454,5,286,60),(4455,5,484,60),(4456,5,151,60),(4457,4,205,60),(4458,4,174,60),(4459,4,435,60),(4460,3,418,60),(4461,4,482,60),(4462,4,133,60),(4463,4,144,60),(4464,3,207,60),(4465,4,161,60),(4466,5,429,60),(4467,4,197,60),(4468,5,427,60),(4469,4,200,60),(4470,3,128,60),(4471,4,433,60),(4472,5,483,60),(4473,4,186,60),(4474,4,385,60),(4475,4,327,60),(4476,4,215,60),(4477,4,173,60),(4478,4,176,60),(4479,4,121,60),(4480,4,496,60),(4481,5,89,60),(4482,5,28,60),(4483,4,166,60),(4484,4,378,60),(4485,4,64,60),(4486,5,135,60),(4487,4,181,60),(4488,4,491,60),(4489,5,178,60),(4490,5,430,60),(4491,3,411,60),(4492,3,143,60),(4493,4,230,60),(4494,5,479,60),(4495,2,138,60),(4496,4,136,60),(4497,4,195,60),(4498,3,403,60),(4499,5,59,60),(4500,4,494,60),(4501,4,420,60),(4502,4,211,60),(4503,4,162,60),(4504,5,445,60),(4505,4,13,60),(4506,5,7,60),(4507,4,12,60),(4508,4,88,60),(4509,4,152,60),(4510,4,98,60),(4511,4,180,60),(4512,5,168,60),(4513,3,8,60),(4514,4,216,60),(4515,4,222,60),(4516,3,21,60),(4517,4,423,60),(4518,5,489,60),(4519,4,131,60),(4520,3,419,60),(4521,5,209,60),(4522,4,204,60),(4523,4,185,60),(4524,4,500,61),(4525,1,271,61),(4526,5,328,61),(4527,5,347,61),(4528,3,333,61),(4529,2,294,61),(4530,1,301,61),(4531,2,243,61),(4532,3,323,61),(4533,5,300,61),(4534,3,269,61),(4535,4,310,61),(4536,2,342,61),(4537,4,258,61),(4538,2,331,61),(4539,4,298,62),(4540,3,228,62),(4541,3,62,62),(4542,3,405,62),(4543,3,443,62),(4544,4,273,62),(4545,4,96,62),(4546,3,229,62),(4547,4,65,62),(4548,2,431,62),(4549,4,14,62),(4550,2,167,62),(4551,3,225,62),(4552,4,125,62),(4553,3,423,62),(4554,3,401,62),(4555,1,271,62),(4556,4,24,62),(4557,4,213,62),(4558,2,217,62),(4559,3,44,62),(4560,2,387,62),(4561,4,4,62),(4562,5,276,62),(4563,5,164,62),(4564,4,9,62),(4565,3,157,62),(4566,4,162,62),(4567,4,474,62),(4568,4,47,62),(4569,5,191,62),(4570,5,55,62),(4571,4,179,62),(4572,5,50,62),(4573,5,89,62),(4574,4,199,62),(4575,4,283,62),(4576,4,91,62),(4577,1,294,62),(4578,3,188,62),(4579,5,56,62),(4580,2,78,62),(4581,5,380,62),(4582,1,227,62),(4583,2,462,62),(4584,4,183,62),(4585,4,76,62),(4586,3,436,62),(4587,5,132,62),(4588,4,117,62),(4589,4,275,62),(4590,2,97,62),(4591,2,1,62),(4592,2,15,62),(4593,3,129,62),(4594,3,159,62),(4595,3,116,62),(4596,3,237,62),(4597,2,245,62),(4598,4,127,62),(4599,3,252,62),(4600,4,464,62),(4601,4,306,62),(4602,4,235,62),(4603,4,98,62),(4604,3,70,62),(4605,5,182,62),(4606,2,53,62),(4607,2,365,62),(4608,4,20,62),(4609,4,100,62),(4610,3,232,62),(4611,2,86,62),(4612,5,172,62),(4613,4,134,62),(4614,3,328,62),(4615,3,281,62),(4616,1,68,62),(4617,4,357,62),(4618,4,82,62),(4619,1,155,62),(4620,3,286,62),(4621,5,258,62),(4622,2,118,62),(4623,3,466,62),(4624,3,382,62),(4625,2,472,62),(4626,3,402,62),(4627,4,174,62),(4628,3,144,62),(4629,3,207,62),(4630,3,111,62),(4631,1,241,62),(4632,4,22,62),(4633,5,238,62),(4634,4,403,62),(4635,4,475,62),(4636,2,128,62),(4637,5,433,62),(4638,2,270,62),(4639,5,421,62),(4640,4,483,62),(4641,5,151,62),(4642,3,170,62),(4643,3,215,62),(4644,5,173,62),(4645,5,176,62),(4646,4,121,62),(4647,4,81,62),(4648,3,3,62),(4649,4,498,62),(4650,2,448,62),(4651,3,28,62),(4652,4,153,62),(4653,4,210,62),(4654,4,64,62),(4655,4,135,62),(4656,4,181,62),(4657,4,71,62),(4658,5,250,62),(4659,2,257,62),(4660,2,249,62),(4661,3,290,62),(4662,2,230,62),(4663,4,13,62),(4664,1,138,62),(4665,2,288,62),(4666,4,216,62),(4667,4,463,62),(4668,5,318,62),(4669,5,195,62),(4670,3,72,62),(4671,4,473,62),(4672,4,59,62),(4673,1,33,62),(4674,3,455,62),(4675,5,190,62),(4676,4,7,62),(4677,4,12,62),(4678,3,147,62),(4679,3,302,62),(4680,4,180,62),(4681,4,285,62),(4682,5,168,62),(4683,5,8,62),(4684,5,222,62),(4685,3,21,62),(4686,4,114,62),(4687,4,196,62),(4688,4,69,62),(4689,5,83,62),(4690,3,451,62),(4691,4,209,62),(4692,3,204,62),(4693,4,25,63),(4694,4,333,63),(4695,2,106,63),(4696,2,322,63),(4697,4,405,63),(4698,3,126,63),(4699,3,1,63),(4700,4,255,63),(4701,3,246,63),(4702,4,408,63),(4703,4,276,63),(4704,3,79,63),(4705,4,10,63),(4706,3,284,63),(4707,4,50,63),(4708,4,283,63),(4709,2,294,63),(4710,2,3,63),(4711,3,480,63),(4712,5,250,63),(4713,3,285,63),(4714,3,242,63),(4715,3,15,63),(4716,5,116,63),(4717,3,237,63),(4718,3,306,63),(4719,4,150,63),(4720,3,269,63),(4721,3,259,63),(4722,3,20,63),(4723,4,251,63),(4724,2,289,63),(4725,2,328,63),(4726,2,225,63),(4727,4,224,63),(4728,4,286,63),(4729,3,258,63),(4730,4,14,63),(4731,1,323,63),(4732,3,6,63),(4733,2,325,63),(4734,3,111,63),(4735,5,301,63),(4736,3,321,63),(4737,4,475,63),(4738,4,300,63),(4739,3,412,63),(4740,1,121,63),(4741,3,181,63),(4742,3,287,63),(4743,4,277,63),(4744,4,137,63),(4745,3,257,63),(4746,4,13,63),(4747,3,288,63),(4748,5,100,63),(4749,2,473,63),(4750,4,262,63),(4751,3,302,63),(4752,2,108,63),(4753,4,109,63),(4754,3,222,63),(4755,2,93,64),(4756,4,228,64),(4757,4,381,64),(4758,3,405,64),(4759,4,132,64),(4760,4,1,64),(4761,2,273,64),(4762,4,96,64),(4763,4,229,64),(4764,3,333,64),(4765,4,431,64),(4766,1,32,64),(4767,4,435,64),(4768,3,2,64),(4769,3,241,64),(4770,3,392,64),(4771,2,125,64),(4772,5,215,64),(4773,5,194,64),(4774,4,265,64),(4775,2,451,64),(4776,2,217,64),(4777,3,420,64),(4778,4,176,64),(4779,3,77,64),(4780,3,4,64),(4781,2,62,64),(4782,4,9,64),(4783,4,313,64),(4784,4,11,64),(4785,3,38,64),(4786,4,191,64),(4787,4,79,64),(4788,5,179,64),(4789,4,447,64),(4790,5,10,64),(4791,3,212,64),(4792,4,31,64),(4793,5,50,64),(4794,3,89,64),(4795,4,199,64),(4796,3,326,64),(4797,4,91,64),(4798,4,188,64),(4799,4,429,64),(4800,5,56,64),(4801,3,480,64),(4802,4,318,64),(4803,5,436,64),(4804,4,367,64),(4805,4,310,64),(4806,4,160,64),(4807,4,275,64),(4808,3,97,64),(4809,1,476,64),(4810,4,216,64),(4811,4,237,64),(4812,4,434,64),(4813,5,127,64),(4814,3,227,64),(4815,5,70,64),(4816,3,52,64),(4817,5,269,64),(4818,2,384,64),(4819,4,202,64),(4820,4,284,64),(4821,4,141,64),(4822,4,100,64),(4823,3,153,64),(4824,3,231,64),(4825,1,218,64),(4826,4,234,64),(4827,3,82,64),(4828,5,175,64),(4829,4,154,64),(4830,3,258,64),(4831,3,239,64),(4832,3,151,64),(4833,4,182,64),(4834,4,8,64),(4835,5,174,64),(4836,3,144,64),(4837,3,161,64),(4838,4,111,64),(4839,4,222,64),(4840,2,311,64),(4841,4,22,64),(4842,4,238,64),(4843,4,403,64),(4844,5,475,64),(4845,4,389,64),(4846,2,433,64),(4847,4,186,64),(4848,4,385,64),(4849,2,101,64),(4850,3,271,64),(4851,5,173,64),(4852,4,425,64),(4853,2,121,64),(4854,1,240,64),(4855,5,496,64),(4856,4,81,64),(4857,4,181,64),(4858,4,196,64),(4859,4,28,64),(4860,3,58,64),(4861,5,187,64),(4862,3,210,64),(4863,4,64,64),(4864,4,135,64),(4865,3,71,64),(4866,4,340,64),(4867,2,232,64),(4868,3,300,64),(4869,5,183,64),(4870,2,419,64),(4871,4,235,64),(4872,4,143,64),(4873,5,230,64),(4874,4,157,64),(4875,4,288,64),(4876,4,211,64),(4877,4,172,64),(4878,5,195,64),(4879,4,72,64),(4880,3,197,64),(4881,5,48,64),(4882,3,162,64),(4883,3,17,64),(4884,4,190,64),(4885,4,7,64),(4886,5,12,64),(4887,4,184,64),(4888,3,356,64),(4889,3,214,64),(4890,4,98,64),(4891,4,87,64),(4892,5,168,64),(4893,4,203,64),(4894,3,347,64),(4895,4,423,64),(4896,4,69,64),(4897,4,95,64),(4898,3,83,64),(4899,4,463,64),(4900,5,209,64),(4901,4,185,64),(4902,4,25,65),(4903,3,69,65),(4904,5,178,65),(4905,4,294,65),(4906,4,73,65),(4907,4,429,65),(4908,4,194,65),(4909,3,56,65),(4910,2,47,65),(4911,1,7,65),(4912,3,258,65),(4913,5,239,65),(4914,5,318,65),(4915,3,65,65),(4916,4,121,65),(4917,3,365,65),(4918,5,97,65),(4919,3,1,65),(4920,5,15,65),(4921,3,100,65),(4922,4,435,65),(4923,4,328,65),(4924,4,237,65),(4925,5,392,65),(4926,5,378,65),(4927,4,125,65),(4928,4,111,65),(4929,4,393,65),(4930,3,66,65),(4931,4,88,65),(4932,3,238,65),(4933,5,197,65),(4934,3,255,65),(4935,4,98,65),(4936,5,356,65),(4937,4,202,65),(4938,1,70,65),(4939,5,196,65),(4940,5,87,65),(4941,4,168,65),(4942,5,77,65),(4943,5,48,65),(4944,4,211,65),(4945,5,215,65),(4946,4,471,65),(4947,5,9,65),(4948,2,63,65),(4949,5,423,65),(4950,3,476,65),(4951,4,191,65),(4952,3,179,65),(4953,4,28,65),(4954,4,402,65),(4955,5,427,65),(4956,4,185,65),(4957,4,216,65),(4958,4,210,65),(4959,5,50,65),(4960,3,173,65),(4961,5,64,65),(4962,5,300,66),(4963,3,117,66),(4964,4,281,66),(4965,3,15,66),(4966,4,237,66),(4967,4,127,66),(4968,3,7,66),(4969,2,475,66),(4970,4,280,66),(4971,4,288,66),(4972,3,257,66),(4973,4,9,66),(4974,1,21,66),(4975,5,471,66),(4976,3,121,66),(4977,4,249,66),(4978,3,24,66),(4979,3,284,66),(4980,5,50,66),(4981,4,25,67),(4982,3,122,67),(4983,5,7,67),(4984,5,405,67),(4985,4,105,67),(4986,4,151,67),(4987,3,1,67),(4988,4,273,67),(4989,4,123,67),(4990,5,117,67),(4991,5,64,67),(4992,4,125,67),(4993,3,235,67),(4994,3,147,67),(4995,4,24,67),(4996,4,472,67),(4997,4,276,67),(4998,1,412,67),(4999,4,121,67),(5000,5,181,68),(5001,4,25,68),(5002,5,178,68),(5003,3,405,68),(5004,5,286,68),(5005,3,7,68),(5006,5,258,68),(5007,3,471,68),(5008,2,118,68),(5009,4,117,68),(5010,5,275,68),(5011,3,409,68),(5012,5,237,68),(5013,3,245,68),(5014,4,127,68),(5015,1,125,68),(5016,3,111,68),(5017,5,475,68),(5018,4,288,68),(5019,5,276,68),(5020,4,9,68),(5021,1,121,68),(5022,1,458,68),(5023,5,50,68),(5024,1,411,68),(5025,5,181,69),(5026,3,333,69),(5027,2,294,69),(5028,5,42,69),(5029,3,175,69),(5030,5,56,69),(5031,3,300,69),(5032,5,7,69),(5033,4,258,69),(5034,3,235,69),(5035,5,151,69),(5036,4,182,69),(5037,3,273,69),(5038,4,123,69),(5039,4,117,69),(5040,4,79,69),(5041,5,174,69),(5042,3,129,69),(5043,5,100,69),(5044,3,334,69),(5045,3,237,69),(5046,4,236,69),(5047,1,245,69),(5048,5,48,69),(5049,4,321,69),(5050,4,298,69),(5051,4,124,69),(5052,2,307,69),(5053,5,12,69),(5054,5,256,69),(5055,3,147,69),(5056,5,197,69),(5057,4,265,69),(5058,5,98,69),(5059,5,150,69),(5060,3,475,69),(5061,4,302,69),(5062,5,246,69),(5063,3,109,69),(5064,5,288,69),(5065,3,222,69),(5066,4,9,69),(5067,5,234,69),(5068,3,240,69),(5069,4,289,69),(5070,5,172,69),(5071,3,427,69),(5072,5,50,69),(5073,5,298,70),(5074,5,228,70),(5075,3,405,70),(5076,4,132,70),(5077,4,1,70),(5078,4,96,70),(5079,3,229,70),(5080,3,431,70),(5081,4,408,70),(5082,4,82,70),(5083,4,169,70),(5084,4,265,70),(5085,4,24,70),(5086,4,217,70),(5087,4,189,70),(5088,2,338,70),(5089,4,451,70),(5090,4,313,70),(5091,2,383,70),(5092,3,191,70),(5093,4,79,70),(5094,4,404,70),(5095,3,417,70),(5096,3,91,70),(5097,4,264,70),(5098,3,429,70),(5099,3,380,70),(5100,4,343,70),(5101,2,260,70),(5102,4,183,70),(5103,4,208,70),(5104,3,15,70),(5105,4,99,70),(5106,4,393,70),(5107,3,227,70),(5108,3,150,70),(5109,4,202,70),(5110,3,94,70),(5111,4,193,70),(5112,4,50,70),(5113,3,206,70),(5114,4,95,70),(5115,5,172,70),(5116,3,231,70),(5117,2,449,70),(5118,3,225,70),(5119,3,175,70),(5120,3,151,70),(5121,3,472,70),(5122,5,174,70),(5123,3,418,70),(5124,4,482,70),(5125,3,161,70),(5126,3,214,70),(5127,4,197,70),(5128,4,128,70),(5129,5,483,70),(5130,4,186,70),(5131,3,101,70),(5132,4,300,70),(5133,4,173,70),(5134,4,176,70),(5135,3,121,70),(5136,4,496,70),(5137,4,89,70),(5138,3,139,70),(5139,4,28,70),(5140,3,289,70),(5141,4,210,70),(5142,4,135,70),(5143,4,399,70),(5144,4,181,70),(5145,3,71,70),(5146,2,398,70),(5147,4,257,70),(5148,3,411,70),(5149,3,142,70),(5150,1,450,70),(5151,5,143,70),(5152,4,230,70),(5153,3,211,70),(5154,4,403,70),(5155,3,473,70),(5156,4,48,70),(5157,4,88,70),(5158,3,204,70),(5159,4,168,70),(5160,4,8,70),(5161,3,109,70),(5162,4,222,70),(5163,3,63,70),(5164,5,423,70),(5165,3,432,70),(5166,4,69,70),(5167,5,419,70),(5168,4,83,70),(5169,4,152,70),(5170,3,181,71),(5171,4,175,71),(5172,5,56,71),(5173,4,286,71),(5174,5,257,71),(5175,3,248,71),(5176,5,462,71),(5177,1,151,71),(5178,4,100,71),(5179,3,285,71),(5180,4,346,71),(5181,5,65,71),(5182,5,357,71),(5183,5,14,71),(5184,3,6,71),(5185,2,177,71),(5186,4,429,71),(5187,3,222,71),(5188,5,197,71),(5189,3,302,71),(5190,4,98,71),(5191,5,475,71),(5192,4,52,71),(5193,5,168,71),(5194,4,276,71),(5195,3,154,71),(5196,2,289,71),(5197,5,89,71),(5198,3,134,71),(5199,4,153,71),(5200,3,50,71),(5201,4,135,71),(5202,2,174,71),(5203,4,64,71),(5204,5,25,72),(5205,3,461,72),(5206,4,106,72),(5207,4,194,72),(5208,1,228,72),(5209,4,471,72),(5210,3,443,72),(5211,4,233,72),(5212,4,1,72),(5213,5,96,72),(5214,1,229,72),(5215,4,357,72),(5216,4,466,72),(5217,5,435,72),(5218,3,2,72),(5219,4,241,72),(5220,4,177,72),(5221,4,215,72),(5222,4,265,72),(5223,3,54,72),(5224,5,127,72),(5225,4,23,72),(5226,4,77,72),(5227,5,9,72),(5228,3,38,72),(5229,5,191,72),(5230,4,79,72),(5231,2,50,72),(5232,3,89,72),(5233,4,188,72),(5234,3,405,72),(5235,5,56,72),(5236,3,170,72),(5237,1,380,72),(5238,5,480,72),(5239,5,318,72),(5240,4,117,72),(5241,4,97,72),(5242,5,15,72),(5243,5,147,72),(5244,4,129,72),(5245,3,237,72),(5246,4,226,72),(5247,5,493,72),(5248,4,70,72),(5249,5,45,72),(5250,5,100,72),(5251,1,172,72),(5252,5,134,72),(5253,3,68,72),(5254,4,234,72),(5255,3,82,72),(5256,4,484,72),(5257,3,118,72),(5258,5,182,72),(5259,4,382,72),(5260,4,402,72),(5261,4,5,72),(5262,5,174,72),(5263,5,161,72),(5264,4,124,72),(5265,5,197,72),(5266,3,220,72),(5267,1,271,72),(5268,4,356,72),(5269,2,176,72),(5270,4,51,72),(5271,3,121,72),(5272,5,212,72),(5273,3,81,72),(5274,5,423,72),(5275,4,28,72),(5276,4,58,72),(5277,4,187,72),(5278,4,210,72),(5279,5,64,72),(5280,4,135,72),(5281,1,181,72),(5282,4,476,72),(5283,1,230,72),(5284,4,479,72),(5285,5,195,72),(5286,5,198,72),(5287,3,403,72),(5288,4,48,72),(5289,1,7,72),(5290,5,12,72),(5291,5,98,72),(5292,4,87,72),(5293,4,180,72),(5294,3,203,72),(5295,1,222,72),(5296,4,196,72),(5297,4,69,72),(5298,5,427,72),(5299,2,82,73),(5300,5,188,73),(5301,5,175,73),(5302,4,56,73),(5303,4,286,73),(5304,5,154,73),(5305,4,183,73),(5306,4,480,73),(5307,5,64,73),(5308,2,289,73),(5309,4,318,73),(5310,5,479,73),(5311,4,382,73),(5312,1,94,73),(5313,3,288,73),(5314,5,357,73),(5315,4,129,73),(5316,5,89,73),(5317,4,100,73),(5318,5,59,73),(5319,5,127,73),(5320,2,48,73),(5321,4,7,73),(5322,5,12,73),(5323,5,197,73),(5324,2,255,73),(5325,3,206,73),(5326,4,213,73),(5327,2,202,73),(5328,4,433,73),(5329,4,269,73),(5330,2,96,73),(5331,4,475,73),(5332,4,32,73),(5333,3,246,73),(5334,2,271,73),(5335,4,180,73),(5336,4,196,73),(5337,3,153,73),(5338,5,81,73),(5339,4,272,73),(5340,5,474,73),(5341,4,156,73),(5342,5,179,73),(5343,3,28,73),(5344,4,285,73),(5345,3,152,73),(5346,5,187,73),(5347,5,171,73),(5348,5,173,73),(5349,2,1,73),(5350,4,7,74),(5351,5,340,74),(5352,4,13,74),(5353,3,285,74),(5354,3,288,74),(5355,4,15,74),(5356,3,129,74),(5357,4,100,74),(5358,5,315,74),(5359,4,237,74),(5360,3,245,74),(5361,3,351,74),(5362,3,124,74),(5363,4,121,74),(5364,3,301,74),(5365,4,302,74),(5366,3,150,74),(5367,3,246,74),(5368,3,354,74),(5369,4,276,74),(5370,2,358,74),(5371,4,9,74),(5372,5,272,74),(5373,4,328,74),(5374,1,291,75),(5375,1,322,75),(5376,5,411,75),(5377,4,235,75),(5378,4,405,75),(5379,5,151,75),(5380,4,290,75),(5381,3,118,75),(5382,5,273,75),(5383,1,240,75),(5384,4,117,75),(5385,4,196,75),(5386,4,1,75),(5387,3,147,75),(5388,3,129,75),(5389,5,100,75),(5390,3,473,75),(5391,2,237,75),(5392,3,125,75),(5393,4,111,75),(5394,2,500,75),(5395,5,13,75),(5396,2,323,75),(5397,5,460,75),(5398,4,301,75),(5399,5,475,75),(5400,4,472,75),(5401,1,220,75),(5402,4,108,75),(5403,3,409,75),(5404,4,408,75),(5405,5,271,75),(5406,4,121,75),(5407,5,410,75),(5408,1,289,75),(5409,1,476,75),(5410,4,114,75),(5411,5,79,75),(5412,2,413,75),(5413,4,477,75),(5414,4,427,75),(5415,5,496,75),(5416,3,333,76),(5417,4,324,76),(5418,3,264,76),(5419,4,93,76),(5420,5,137,76),(5421,5,286,76),(5422,2,358,76),(5423,3,343,76),(5424,3,258,76),(5425,5,192,76),(5426,4,60,76),(5427,4,182,76),(5428,5,96,76),(5429,2,288,76),(5430,3,318,76),(5431,3,129,76),(5432,5,100,76),(5433,4,7,76),(5434,5,197,76),(5435,4,59,76),(5436,5,6,76),(5437,3,42,76),(5438,5,200,76),(5439,3,327,76),(5440,3,270,76),(5441,2,121,76),(5442,2,223,76),(5443,4,175,76),(5444,3,12,76),(5445,5,276,76),(5446,5,98,76),(5447,5,150,76),(5448,5,474,76),(5449,4,92,76),(5450,4,61,76),(5451,3,421,76),(5452,5,56,76),(5453,4,203,76),(5454,4,293,76),(5455,2,77,76),(5456,2,385,76),(5457,4,216,76),(5458,4,70,76),(5459,2,325,76),(5460,4,89,76),(5461,5,23,76),(5462,5,172,76),(5463,2,24,76),(5464,5,135,76),(5465,3,156,76),(5466,3,181,77),(5467,2,25,77),(5468,3,69,77),(5469,3,192,77),(5470,3,91,77),(5471,5,42,77),(5472,4,175,77),(5473,4,56,77),(5474,5,154,77),(5475,3,228,77),(5476,5,484,77),(5477,3,405,77),(5478,3,132,77),(5479,5,1,77),(5480,3,250,77),(5481,3,96,77),(5482,3,210,77),(5483,2,97,77),(5484,5,183,77),(5485,5,174,77),(5486,5,195,77),(5487,3,100,77),(5488,2,15,77),(5489,2,133,77),(5490,3,144,77),(5491,2,127,77),(5492,1,252,77),(5493,3,125,77),(5494,5,431,77),(5495,5,238,77),(5496,3,265,77),(5497,4,98,77),(5498,3,357,77),(5499,4,23,77),(5500,5,246,77),(5501,4,168,77),(5502,4,483,77),(5503,3,4,77),(5504,4,222,77),(5505,5,173,77),(5506,4,201,77),(5507,2,276,77),(5508,5,52,77),(5509,4,176,77),(5510,5,89,77),(5511,2,121,77),(5512,5,474,77),(5513,3,191,77),(5514,3,172,77),(5515,4,134,77),(5516,5,179,77),(5517,5,28,77),(5518,5,498,77),(5519,4,209,77),(5520,5,153,77),(5521,3,31,77),(5522,4,50,77),(5523,2,215,77),(5524,3,455,77),(5525,4,156,77),(5526,3,294,78),(5527,4,257,78),(5528,3,269,78),(5529,4,411,78),(5530,5,237,78),(5531,5,301,78),(5532,1,327,78),(5533,1,323,78),(5534,4,283,79),(5535,4,340,79),(5536,2,333,79),(5537,2,93,79),(5538,4,137,79),(5539,5,286,79),(5540,3,257,79),(5541,5,7,79),(5542,5,258,79),(5543,4,319,79),(5544,3,13,79),(5545,5,285,79),(5546,3,288,79),(5547,4,275,79),(5548,3,290,79),(5549,5,19,79),(5550,5,100,79),(5551,5,116,79),(5552,4,6,79),(5553,5,262,79),(5554,5,325,79),(5555,5,306,79),(5556,5,124,79),(5557,4,311,79),(5558,4,297,79),(5559,5,236,79),(5560,3,301,79),(5561,3,150,79),(5562,5,269,79),(5563,5,246,79),(5564,3,276,79),(5565,4,222,79),(5566,5,251,79),(5567,2,313,79),(5568,2,370,79),(5569,5,10,79),(5570,4,50,79),(5571,3,234,80),(5572,3,194,80),(5573,3,154,80),(5574,1,260,80),(5575,5,100,80),(5576,5,205,80),(5577,5,208,80),(5578,5,466,80),(5579,4,237,80),(5580,4,58,80),(5581,4,297,80),(5582,3,213,80),(5583,4,87,80),(5584,3,269,80),(5585,5,483,80),(5586,5,215,80),(5587,3,423,80),(5588,4,45,80),(5589,5,86,80),(5590,4,79,80),(5591,3,50,80),(5592,5,64,80),(5593,4,169,81),(5594,5,25,81),(5595,4,283,81),(5596,4,42,81),(5597,3,93,81),(5598,3,471,81),(5599,2,151,81),(5600,5,318,81),(5601,2,118,81),(5602,3,405,81),(5603,4,273,81),(5604,2,476,81),(5605,3,288,81),(5606,4,275,81),(5607,3,274,81),(5608,4,1,81),(5609,4,147,81),(5610,3,100,81),(5611,3,116,81),(5612,4,237,81),(5613,3,111,81),(5614,3,124,81),(5615,4,7,81),(5616,4,410,81),(5617,5,98,81),(5618,3,150,81),(5619,5,475,81),(5620,3,269,81),(5621,4,280,81),(5622,5,186,81),(5623,4,276,81),(5624,2,222,81),(5625,1,456,81),(5626,1,412,81),(5627,4,121,81),(5628,2,432,81),(5629,4,3,81),(5630,5,79,81),(5631,2,411,81),(5632,3,289,81),(5633,3,284,81),(5634,4,210,81),(5635,4,357,82),(5636,4,14,82),(5637,5,435,82),(5638,1,338,82),(5639,3,125,82),(5640,4,169,82),(5641,4,414,82),(5642,4,265,82),(5643,2,127,82),(5644,4,276,82),(5645,4,9,82),(5646,2,103,82),(5647,4,11,82),(5648,3,474,82),(5649,4,191,82),(5650,3,79,82),(5651,4,496,82),(5652,4,284,82),(5653,5,50,82),(5654,4,199,82),(5655,2,283,82),(5656,2,326,82),(5657,4,294,82),(5658,4,73,82),(5659,3,56,82),(5660,4,170,82),(5661,1,235,82),(5662,4,480,82),(5663,3,183,82),(5664,2,151,82),(5665,4,367,82),(5666,4,310,82),(5667,2,275,82),(5668,4,97,82),(5669,3,208,82),(5670,3,15,82),(5671,1,409,82),(5672,4,99,82),(5673,3,237,82),(5674,1,343,82),(5675,4,202,82),(5676,4,70,82),(5677,1,413,82),(5678,1,289,82),(5679,4,134,82),(5680,5,64,82),(5681,3,135,82),(5682,3,477,82),(5683,3,218,82),(5684,1,424,82),(5685,3,225,82),(5686,4,175,82),(5687,4,286,82),(5688,4,484,82),(5689,3,118,82),(5690,4,8,82),(5691,3,476,82),(5692,3,472,82),(5693,3,281,82),(5694,5,174,82),(5695,4,418,82),(5696,4,482,82),(5697,4,133,82),(5698,4,111,82),(5699,3,241,82),(5700,3,500,82),(5701,3,22,82),(5702,3,238,82),(5703,4,197,82),(5704,4,455,82),(5705,2,220,82),(5706,5,483,82),(5707,3,140,82),(5708,1,412,82),(5709,4,121,82),(5710,1,240,82),(5711,4,212,82),(5712,3,81,82),(5713,2,3,82),(5714,3,274,82),(5715,3,411,82),(5716,3,28,82),(5717,2,231,82),(5718,4,181,82),(5719,4,71,82),(5720,4,462,82),(5721,4,178,82),(5722,5,430,82),(5723,1,458,82),(5724,2,230,82),(5725,2,13,82),(5726,3,288,82),(5727,4,216,82),(5728,4,318,82),(5729,5,100,82),(5730,2,473,82),(5731,3,495,82),(5732,4,479,82),(5733,3,7,82),(5734,3,147,82),(5735,1,456,82),(5736,3,87,82),(5737,1,475,82),(5738,5,168,82),(5739,4,211,82),(5740,1,109,82),(5741,3,222,82),(5742,1,21,82),(5743,4,432,82),(5744,4,69,82),(5745,5,481,82),(5746,2,25,83),(5747,4,423,83),(5748,4,106,83),(5749,4,298,83),(5750,3,322,83),(5751,5,405,83),(5752,4,233,83),(5753,4,1,83),(5754,4,94,83),(5755,5,196,83),(5756,4,110,83),(5757,4,2,83),(5758,5,255,83),(5759,5,82,83),(5760,5,125,83),(5761,1,122,83),(5762,5,265,83),(5763,4,43,83),(5764,4,77,83),(5765,2,4,83),(5766,4,338,83),(5767,2,254,83),(5768,5,38,83),(5769,4,191,83),(5770,5,79,83),(5771,3,248,83),(5772,5,31,83),(5773,3,50,83),(5774,3,294,83),(5775,1,56,83),(5776,2,78,83),(5777,3,118,83),(5778,5,117,83),(5779,4,97,83),(5780,4,15,83),(5781,4,409,83),(5782,2,245,83),(5783,4,127,83),(5784,4,252,83),(5785,5,393,83),(5786,1,235,83),(5787,4,70,83),(5788,1,413,83),(5789,2,259,83),(5790,4,465,83),(5791,4,95,83),(5792,2,249,83),(5793,5,64,83),(5794,2,477,83),(5795,4,234,83),(5796,3,225,83),(5797,1,407,83),(5798,2,391,83),(5799,3,452,83),(5800,2,105,83),(5801,3,151,83),(5802,4,323,83),(5803,3,476,83),(5804,5,281,83),(5805,5,174,83),(5806,4,161,83),(5807,3,111,83),(5808,4,66,83),(5809,5,22,83),(5810,2,301,83),(5811,4,186,83),(5812,4,385,83),(5813,4,215,83),(5814,4,356,83),(5815,1,412,83),(5816,4,121,83),(5817,1,240,83),(5818,4,274,83),(5819,3,139,83),(5820,4,28,83),(5821,4,468,83),(5822,5,210,83),(5823,4,181,83),(5824,3,71,83),(5825,3,300,83),(5826,2,411,83),(5827,1,319,83),(5828,4,216,83),(5829,5,479,83),(5830,2,406,83),(5831,5,88,83),(5832,3,243,83),(5833,1,364,83),(5834,4,63,83),(5835,3,471,83),(5836,4,69,83),(5837,3,371,83),(5838,1,35,83),(5839,3,25,84),(5840,4,385,84),(5841,3,294,84),(5842,4,225,84),(5843,5,194,84),(5844,5,286,84),(5845,4,300,84),(5846,3,322,84),(5847,2,411,84),(5848,4,258,84),(5849,3,405,84),(5850,4,151,84),(5851,4,466,84),(5852,5,318,84),(5853,4,273,84),(5854,4,117,84),(5855,4,274,84),(5856,2,1,84),(5857,4,15,84),(5858,4,100,84),(5859,3,317,84),(5860,4,237,84),(5861,4,148,84),(5862,4,111,84),(5863,3,291,84),(5864,4,7,84),(5865,5,12,84),(5866,5,265,84),(5867,4,245,84),(5868,4,98,84),(5869,5,486,84),(5870,5,87,84),(5871,5,70,84),(5872,5,64,84),(5873,4,31,84),(5874,3,203,84),(5875,3,4,84),(5876,5,408,84),(5877,4,276,84),(5878,4,222,84),(5879,4,121,84),(5880,5,289,84),(5881,4,95,84),(5882,4,79,84),(5883,3,284,84),(5884,4,477,84),(5885,5,428,85),(5886,2,25,85),(5887,1,333,85),(5888,3,340,85),(5889,4,298,85),(5890,4,194,85),(5891,4,478,85),(5892,3,228,85),(5893,2,405,85),(5894,3,163,85),(5895,4,443,85),(5896,5,132,85),(5897,3,94,85),(5898,3,229,85),(5899,3,65,85),(5900,4,357,85),(5901,3,216,85),(5902,4,14,85),(5903,5,485,85),(5904,3,241,85),(5905,4,499,85),(5906,4,58,85),(5907,3,327,85),(5908,4,414,85),(5909,4,372,85),(5910,4,425,85),(5911,2,51,85),(5912,4,451,85),(5913,4,9,85),(5914,4,272,85),(5915,5,474,85),(5916,4,191,85),(5917,3,79,85),(5918,4,179,85),(5919,4,498,85),(5920,2,212,85),(5921,4,488,85),(5922,5,50,85),(5923,4,313,85),(5924,3,404,85),(5925,5,199,85),(5926,3,283,85),(5927,4,345,85),(5928,3,42,85),(5929,2,188,85),(5930,4,190,85),(5931,4,56,85),(5932,4,170,85),(5933,4,380,85),(5934,4,481,85),(5935,4,480,85),(5936,4,462,85),(5937,4,318,85),(5938,3,310,85),(5939,3,160,85),(5940,2,97,85),(5941,5,208,85),(5942,3,30,85),(5943,3,317,85),(5944,5,99,85),(5945,3,237,85),(5946,5,127,85),(5947,5,464,85),(5948,4,10,85),(5949,4,393,85),(5950,3,150,85),(5951,4,70,85),(5952,3,52,85),(5953,3,269,85),(5954,4,95,85),(5955,3,193,85),(5956,3,284,85),(5957,3,53,85),(5958,2,259,85),(5959,4,465,85),(5960,3,141,85),(5961,3,289,85),(5962,3,45,85),(5963,4,86,85),(5964,4,172,85),(5965,5,134,85),(5966,3,328,85),(5967,3,417,85),(5968,4,449,85),(5969,4,234,85),(5970,3,82,85),(5971,4,175,85),(5972,4,286,85),(5973,4,27,85),(5974,4,258,85),(5975,2,108,85),(5976,4,182,85),(5977,5,203,85),(5978,4,205,85),(5979,4,382,85),(5980,3,281,85),(5981,4,174,85),(5982,3,418,85),(5983,4,482,85),(5984,4,133,85),(5985,4,161,85),(5986,2,325,85),(5987,5,124,85),(5988,3,291,85),(5989,2,238,85),(5990,5,197,85),(5991,4,301,85),(5992,3,389,85),(5993,3,447,85),(5994,3,270,85),(5995,5,57,85),(5996,5,483,85),(5997,3,186,85),(5998,3,385,85),(5999,4,492,85),(6000,4,215,85),(6001,3,173,85),(6002,3,412,85),(6003,2,121,85),(6004,4,154,85),(6005,4,496,85),(6006,4,89,85),(6007,4,423,85),(6008,3,458,85),(6009,4,28,85),(6010,3,416,85),(6011,3,153,85),(6012,5,187,85),(6013,3,210,85),(6014,4,378,85),(6015,5,64,85),(6016,5,135,85),(6017,4,181,85),(6018,4,71,85),(6019,3,230,85),(6020,2,277,85),(6021,3,232,85),(6022,3,300,85),(6023,2,231,85),(6024,4,192,85),(6025,2,221,85),(6026,4,319,85),(6027,4,143,85),(6028,4,69,85),(6029,3,13,85),(6030,3,157,85),(6031,5,211,85),(6032,4,136,85),(6033,3,195,85),(6034,3,100,85),(6035,3,316,85),(6036,3,250,85),(6037,4,420,85),(6038,2,162,85),(6039,3,495,85),(6040,4,479,85),(6041,3,427,85),(6042,5,152,85),(6043,4,98,85),(6044,4,87,85),(6045,4,213,85),(6046,4,180,85),(6047,4,168,85),(6048,4,8,85),(6049,3,275,85),(6050,2,222,85),(6051,3,433,85),(6052,4,196,85),(6053,4,432,85),(6054,3,476,85),(6055,4,23,85),(6056,5,419,85),(6057,4,83,85),(6058,4,435,85),(6059,4,209,85),(6060,4,204,85),(6061,3,282,85),(6062,3,326,86),(6063,3,286,86),(6064,3,300,86),(6065,5,258,86),(6066,3,319,86),(6067,3,288,86),(6068,3,500,86),(6069,5,270,86),(6070,4,242,86),(6071,4,259,86),(6072,1,338,86),(6073,4,327,86),(6074,3,289,86),(6075,4,269,86),(6076,4,25,87),(6077,5,194,87),(6078,5,228,87),(6079,4,405,87),(6080,2,386,87),(6081,4,163,87),(6082,4,233,87),(6083,5,49,87),(6084,4,154,87),(6085,3,273,87),(6086,4,384,87),(6087,4,229,87),(6088,5,196,87),(6089,5,435,87),(6090,4,2,87),(6091,4,7,87),(6092,4,167,87),(6093,2,401,87),(6094,5,177,87),(6095,3,297,87),(6096,3,372,87),(6097,3,39,87),(6098,5,4,87),(6099,4,254,87),(6100,5,62,87),(6101,4,9,87),(6102,5,38,87),(6103,3,47,87),(6104,5,79,87),(6105,4,179,87),(6106,5,50,87),(6107,5,199,87),(6108,3,40,87),(6109,3,73,87),(6110,4,188,87),(6111,4,56,87),(6112,4,318,87),(6113,5,8,87),(6114,4,367,87),(6115,5,132,87),(6116,5,97,87),(6117,5,208,87),(6118,3,409,87),(6119,4,127,87),(6120,4,393,87),(6121,2,90,87),(6122,5,202,87),(6123,5,70,87),(6124,4,94,87),(6125,4,67,87),(6126,5,153,87),(6127,3,232,87),(6128,5,172,87),(6129,4,134,87),(6130,3,68,87),(6131,3,231,87),(6132,3,477,87),(6133,3,449,87),(6134,1,396,87),(6135,5,82,87),(6136,4,27,87),(6137,4,239,87),(6138,4,118,87),(6139,4,182,87),(6140,3,323,87),(6141,3,382,87),(6142,4,472,87),(6143,4,281,87),(6144,5,174,87),(6145,5,96,87),(6146,4,144,87),(6147,5,161,87),(6148,4,111,87),(6149,5,66,87),(6150,4,22,87),(6151,3,238,87),(6152,3,403,87),(6153,2,321,87),(6154,4,410,87),(6155,3,128,87),(6156,3,433,87),(6157,5,186,87),(6158,5,385,87),(6159,5,121,87),(6160,4,55,87),(6161,5,496,87),(6162,4,89,87),(6163,4,63,87),(6164,3,192,87),(6165,4,274,87),(6166,5,210,87),(6167,5,64,87),(6168,5,135,87),(6169,5,181,87),(6170,5,491,87),(6171,3,300,87),(6172,4,411,87),(6173,3,235,87),(6174,3,72,87),(6175,5,230,87),(6176,3,157,87),(6177,5,211,87),(6178,4,183,87),(6179,5,195,87),(6180,5,100,87),(6181,3,33,87),(6182,4,48,87),(6183,3,13,87),(6184,5,88,87),(6185,3,414,87),(6186,5,209,87),(6187,5,204,87),(6188,4,87,87),(6189,4,180,87),(6190,4,80,87),(6191,5,216,87),(6192,4,222,87),(6193,3,21,87),(6194,3,423,87),(6195,2,476,87),(6196,3,252,87),(6197,4,451,87),(6198,4,427,87),(6199,4,152,87),(6200,3,158,87),(6201,2,201,87),(6202,5,311,88),(6203,5,326,88),(6204,3,313,88),(6205,4,301,88),(6206,4,308,88),(6207,1,321,88),(6208,5,286,88),(6209,3,300,88),(6210,4,315,88),(6211,5,354,88),(6212,3,319,88),(6213,3,302,88),(6214,5,25,89),(6215,2,93,89),(6216,1,137,89),(6217,5,257,89),(6218,4,283,89),(6219,4,381,89),(6220,5,235,89),(6221,3,405,89),(6222,5,151,89),(6223,4,49,89),(6224,5,236,89),(6225,2,13,89),(6226,5,117,89),(6227,5,216,89),(6228,5,15,89),(6229,4,14,89),(6230,4,237,89),(6231,3,451,89),(6232,5,127,89),(6233,4,111,89),(6234,5,7,89),(6235,4,88,89),(6236,3,26,89),(6237,5,222,89),(6238,5,197,89),(6239,5,301,89),(6240,4,321,89),(6241,4,213,89),(6242,5,475,89),(6243,5,150,89),(6244,5,187,89),(6245,3,202,89),(6246,5,387,89),(6247,3,66,89),(6248,5,275,89),(6249,5,100,89),(6250,5,121,89),(6251,4,240,89),(6252,3,212,89),(6253,4,277,89),(6254,5,107,89),(6255,5,86,89),(6256,4,181,89),(6257,4,83,89),(6258,4,402,89),(6259,5,269,89),(6260,1,221,89),(6261,5,50,89),(6262,5,173,89),(6263,5,1,89),(6264,5,218,90),(6265,4,322,90),(6266,4,471,90),(6267,4,443,90),(6268,5,132,90),(6269,3,273,90),(6270,4,96,90),(6271,4,65,90),(6272,5,357,90),(6273,5,216,90),(6274,5,14,90),(6275,5,435,90),(6276,5,499,90),(6277,5,494,90),(6278,5,155,90),(6279,3,433,90),(6280,5,177,90),(6281,4,297,90),(6282,5,213,90),(6283,5,23,90),(6284,4,246,90),(6285,5,387,90),(6286,4,276,90),(6287,4,9,90),(6288,5,313,90),(6289,4,11,90),(6290,5,272,90),(6291,5,474,90),(6292,5,191,90),(6293,4,79,90),(6294,5,179,90),(6295,5,10,90),(6296,4,31,90),(6297,5,199,90),(6298,4,60,90),(6299,3,328,90),(6300,4,42,90),(6301,5,56,90),(6302,5,170,90),(6303,5,203,90),(6304,5,462,90),(6305,5,318,90),(6306,5,486,90),(6307,5,285,90),(6308,4,242,90),(6309,5,275,90),(6310,5,97,90),(6311,4,312,90),(6312,5,30,90),(6313,4,317,90),(6314,4,237,90),(6315,4,127,90),(6316,5,490,90),(6317,2,148,90),(6318,5,464,90),(6319,4,306,90),(6320,5,493,90),(6321,3,150,90),(6322,3,202,90),(6323,5,70,90),(6324,5,52,90),(6325,5,269,90),(6326,4,193,90),(6327,5,488,90),(6328,2,259,90),(6329,4,20,90),(6330,5,141,90),(6331,2,454,90),(6332,3,289,90),(6333,3,45,90),(6334,5,86,90),(6335,5,134,90),(6336,4,234,90),(6337,3,175,90),(6338,5,286,90),(6339,5,154,90),(6340,3,258,90),(6341,2,151,90),(6342,3,182,90),(6343,3,323,90),(6344,5,382,90),(6345,5,402,90),(6346,5,174,90),(6347,5,485,90),(6348,5,482,90),(6349,4,6,90),(6350,5,307,90),(6351,5,241,90),(6352,4,500,90),(6353,4,223,90),(6354,4,311,90),(6355,4,22,90),(6356,5,197,90),(6357,4,301,90),(6358,3,475,90),(6359,5,447,90),(6360,4,270,90),(6361,4,421,90),(6362,2,126,90),(6363,5,483,90),(6364,4,385,90),(6365,2,215,90),(6366,4,356,90),(6367,4,425,90),(6368,4,212,90),(6369,4,496,90),(6370,5,89,90),(6371,5,498,90),(6372,5,423,90),(6373,5,153,90),(6374,4,187,90),(6375,5,480,90),(6376,4,64,90),(6377,5,135,90),(6378,4,491,90),(6379,4,340,90),(6380,5,178,90),(6381,5,131,90),(6382,4,287,90),(6383,5,133,90),(6384,5,137,90),(6385,3,430,90),(6386,3,300,90),(6387,4,192,90),(6388,4,221,90),(6389,5,100,90),(6390,5,143,90),(6391,3,149,90),(6392,5,211,90),(6393,5,136,90),(6394,5,481,90),(6395,3,19,90),(6396,4,166,90),(6397,5,198,90),(6398,5,59,90),(6399,4,33,90),(6400,5,162,90),(6401,4,17,90),(6402,5,479,90),(6403,5,190,90),(6404,5,12,90),(6405,5,427,90),(6406,4,347,90),(6407,5,302,90),(6408,5,98,90),(6409,3,245,90),(6410,4,180,90),(6411,3,310,90),(6412,4,220,90),(6413,3,354,90),(6414,3,117,90),(6415,5,8,90),(6416,3,18,90),(6417,4,367,90),(6418,4,26,90),(6419,4,196,90),(6420,5,489,90),(6421,1,69,90),(6422,5,83,90),(6423,5,316,90),(6424,5,209,90),(6425,3,208,90),(6426,5,185,90),(6427,2,171,90),(6428,4,322,91),(6429,3,132,91),(6430,5,333,91),(6431,5,357,91),(6432,4,435,91),(6433,4,338,91),(6434,5,265,91),(6435,4,313,91),(6436,3,474,91),(6437,5,79,91),(6438,3,498,91),(6439,5,31,91),(6440,3,326,91),(6441,3,294,91),(6442,4,264,91),(6443,1,56,91),(6444,4,480,91),(6445,5,318,91),(6446,5,97,91),(6447,2,99,91),(6448,5,127,91),(6449,4,343,91),(6450,3,193,91),(6451,5,50,91),(6452,4,289,91),(6453,4,172,91),(6454,4,134,91),(6455,4,328,91),(6456,5,331,91),(6457,5,234,91),(6458,5,82,91),(6459,4,484,91),(6460,4,182,91),(6461,2,323,91),(6462,5,205,91),(6463,5,174,91),(6464,2,418,91),(6465,3,482,91),(6466,3,161,91),(6467,4,351,91),(6468,4,429,91),(6469,5,22,91),(6470,2,389,91),(6471,4,483,91),(6472,4,327,91),(6473,5,176,91),(6474,4,28,91),(6475,5,187,91),(6476,5,210,91),(6477,4,64,91),(6478,4,135,91),(6479,5,181,91),(6480,4,300,91),(6481,4,192,91),(6482,4,143,91),(6483,4,230,91),(6484,4,479,91),(6485,2,211,91),(6486,4,136,91),(6487,5,183,91),(6488,5,195,91),(6489,4,495,91),(6490,5,98,91),(6491,5,423,91),(6492,5,69,91),(6493,2,131,91),(6494,4,427,91),(6495,3,25,92),(6496,4,129,92),(6497,3,49,92),(6498,4,189,92),(6499,4,408,92),(6500,4,164,92),(6501,4,11,92),(6502,3,38,92),(6503,4,191,92),(6504,2,240,92),(6505,5,179,92),(6506,5,50,92),(6507,3,91,92),(6508,4,42,92),(6509,4,183,92),(6510,4,252,92),(6511,4,153,92),(6512,3,328,92),(6513,3,449,92),(6514,4,234,92),(6515,2,82,92),(6516,2,295,92),(6517,4,239,92),(6518,2,118,92),(6519,4,5,92),(6520,4,144,92),(6521,3,111,92),(6522,4,500,92),(6523,4,291,92),(6524,5,238,92),(6525,2,455,92),(6526,4,421,92),(6527,3,356,92),(6528,2,412,92),(6529,5,121,92),(6530,1,243,92),(6531,4,274,92),(6532,4,135,92),(6533,4,181,92),(6534,4,219,92),(6535,3,72,92),(6536,3,216,92),(6537,4,172,92),(6538,2,80,92),(6539,2,456,92),(6540,3,423,92),(6541,5,69,92),(6542,4,214,92),(6543,2,120,92),(6544,3,106,92),(6545,4,93,92),(6546,3,122,92),(6547,3,322,92),(6548,4,248,92),(6549,2,405,92),(6550,3,132,92),(6551,4,431,92),(6552,4,466,92),(6553,4,428,92),(6554,3,386,92),(6555,4,265,92),(6556,3,43,92),(6557,3,77,92),(6558,4,4,92),(6559,3,62,92),(6560,4,474,92),(6561,3,66,92),(6562,4,157,92),(6563,3,367,92),(6564,4,160,92),(6565,4,159,92),(6566,4,245,92),(6567,1,227,92),(6568,4,193,92),(6569,1,368,92),(6570,3,225,92),(6571,3,376,92),(6572,4,47,92),(6573,5,8,92),(6574,4,382,92),(6575,3,402,92),(6576,2,161,92),(6577,5,223,92),(6578,3,22,92),(6579,5,475,92),(6580,4,385,92),(6581,3,29,92),(6582,3,55,92),(6583,3,81,92),(6584,3,28,92),(6585,2,476,92),(6586,3,230,92),(6587,2,318,92),(6588,5,195,92),(6589,5,100,92),(6590,4,250,92),(6591,4,48,92),(6592,2,406,92),(6593,4,307,92),(6594,5,12,92),(6595,2,147,92),(6596,5,98,92),(6597,4,222,92),(6598,3,63,92),(6599,4,425,92),(6600,4,204,92),(6601,3,369,92),(6602,2,123,92),(6603,3,229,92),(6604,4,58,92),(6605,4,125,92),(6606,5,169,92),(6607,2,271,92),(6608,3,24,92),(6609,4,246,92),(6610,3,32,92),(6611,5,276,92),(6612,4,9,92),(6613,1,383,92),(6614,3,115,92),(6615,4,79,92),(6616,4,31,92),(6617,3,73,92),(6618,3,78,92),(6619,1,260,92),(6620,4,436,92),(6621,4,208,92),(6622,3,116,92),(6623,4,237,92),(6624,3,226,92),(6625,3,202,92),(6626,4,96,92),(6627,3,67,92),(6628,3,95,92),(6629,4,134,92),(6630,4,218,92),(6631,2,155,92),(6632,4,258,92),(6633,4,182,92),(6634,3,85,92),(6635,5,174,92),(6636,2,102,92),(6637,3,167,92),(6638,4,124,92),(6639,3,200,92),(6640,1,220,92),(6641,2,101,92),(6642,5,176,92),(6643,4,51,92),(6644,4,212,92),(6645,3,289,92),(6646,4,64,92),(6647,3,231,92),(6648,5,71,92),(6649,2,257,92),(6650,3,44,92),(6651,3,143,92),(6652,4,13,92),(6653,3,149,92),(6654,4,7,92),(6655,3,87,92),(6656,3,39,92),(6657,4,168,92),(6658,4,203,92),(6659,3,364,92),(6660,4,196,92),(6661,3,432,92),(6662,5,209,92),(6663,3,201,92),(6664,4,171,92),(6665,4,282,92),(6666,4,228,92),(6667,4,471,92),(6668,3,233,92),(6669,4,1,92),(6670,4,273,92),(6671,3,94,92),(6672,4,65,92),(6673,3,2,92),(6674,3,241,92),(6675,3,401,92),(6676,3,54,92),(6677,3,217,92),(6678,3,451,92),(6679,5,313,92),(6680,1,370,92),(6681,2,284,92),(6682,3,199,92),(6683,3,40,92),(6684,2,452,92),(6685,3,294,92),(6686,4,190,92),(6687,5,56,92),(6688,3,184,92),(6689,4,117,92),(6690,3,15,92),(6691,3,409,92),(6692,2,145,92),(6693,2,148,92),(6694,3,393,92),(6695,3,235,92),(6696,3,53,92),(6697,4,92,92),(6698,3,249,92),(6699,3,68,92),(6700,3,396,92),(6701,4,175,92),(6702,3,363,92),(6703,4,154,92),(6704,2,108,92),(6705,3,281,92),(6706,3,418,92),(6707,4,403,92),(6708,3,410,92),(6709,5,433,92),(6710,4,186,92),(6711,4,215,92),(6712,3,173,92),(6713,5,89,92),(6714,4,210,92),(6715,4,411,92),(6716,3,278,92),(6717,2,450,92),(6718,3,288,92),(6719,4,463,92),(6720,5,198,92),(6721,1,453,92),(6722,3,88,92),(6723,5,180,92),(6724,3,109,92),(6725,4,46,92),(6726,4,222,93),(6727,4,235,93),(6728,2,412,93),(6729,3,121,93),(6730,5,15,93),(6731,4,476,93),(6732,1,125,93),(6733,4,14,93),(6734,4,275,93),(6735,4,283,93),(6736,1,151,93),(6737,5,1,93),(6738,3,118,93),(6739,5,477,93),(6740,3,25,94),(6741,4,381,94),(6742,4,49,94),(6743,5,23,94),(6744,4,338,94),(6745,3,164,94),(6746,5,11,94),(6747,2,38,94),(6748,5,191,94),(6749,5,179,94),(6750,5,50,94),(6751,4,42,94),(6752,4,188,94),(6753,3,281,94),(6754,3,41,94),(6755,5,183,94),(6756,4,76,94),(6757,4,250,94),(6758,5,317,94),(6759,3,99,94),(6760,4,470,94),(6761,4,343,94),(6762,5,465,94),(6763,5,153,94),(6764,3,328,94),(6765,2,477,94),(6766,3,366,94),(6767,5,234,94),(6768,4,82,94),(6769,3,118,94),(6770,3,365,94),(6771,3,144,94),(6772,4,111,94),(6773,5,238,94),(6774,3,455,94),(6775,4,421,94),(6776,4,356,94),(6777,2,412,94),(6778,2,121,94),(6779,4,274,94),(6780,4,135,94),(6781,4,181,94),(6782,5,177,94),(6783,4,219,94),(6784,3,72,94),(6785,3,216,94),(6786,4,172,94),(6787,3,33,94),(6788,3,334,94),(6789,2,80,94),(6790,5,8,94),(6791,4,423,94),(6792,3,69,94),(6793,4,83,94),(6794,5,214,94),(6795,5,185,94),(6796,4,93,94),(6797,4,248,94),(6798,3,405,94),(6799,4,443,94),(6800,4,132,94),(6801,4,431,94),(6802,5,428,94),(6803,4,386,94),(6804,4,265,94),(6805,4,420,94),(6806,3,77,94),(6807,4,4,94),(6808,3,62,94),(6809,5,474,94),(6810,2,66,94),(6811,5,157,94),(6812,4,367,94),(6813,4,160,94),(6814,3,159,94),(6815,1,245,94),(6816,5,127,94),(6817,5,464,94),(6818,3,227,94),(6819,5,52,94),(6820,5,45,94),(6821,5,193,94),(6822,3,232,94),(6823,2,368,94),(6824,3,225,94),(6825,5,484,94),(6826,4,467,94),(6827,4,402,94),(6828,3,161,94),(6829,5,223,94),(6830,4,22,94),(6831,5,475,94),(6832,4,447,94),(6833,5,483,94),(6834,2,385,94),(6835,2,29,94),(6836,4,55,94),(6837,4,81,94),(6838,4,28,94),(6839,4,458,94),(6840,2,230,94),(6841,3,195,94),(6842,5,100,94),(6843,5,190,94),(6844,4,12,94),(6845,4,302,94),(6846,4,98,94),(6847,3,63,94),(6848,5,425,94),(6849,4,204,94),(6850,2,355,94),(6851,1,369,94),(6852,3,229,94),(6853,5,357,94),(6854,5,58,94),(6855,1,125,94),(6856,4,24,94),(6857,4,293,94),(6858,4,246,94),(6859,5,32,94),(6860,5,9,94),(6861,4,228,94),(6862,4,79,94),(6863,4,31,94),(6864,4,404,94),(6865,3,380,94),(6866,2,260,94),(6867,5,436,94),(6868,4,346,94),(6869,4,97,94),(6870,4,208,94),(6871,2,226,94),(6872,5,390,94),(6873,2,202,94),(6874,3,96,94),(6875,3,67,94),(6876,5,134,94),(6877,3,218,94),(6878,2,155,94),(6879,4,286,94),(6880,3,391,94),(6881,5,258,94),(6882,5,182,94),(6883,4,174,94),(6884,4,435,94),(6885,4,133,94),(6886,3,102,94),(6887,4,200,94),(6888,2,101,94),(6889,4,176,94),(6890,3,51,94),(6891,4,469,94),(6892,4,187,94),(6893,5,64,94),(6894,4,71,94),(6895,4,257,94),(6896,3,142,94),(6897,4,192,94),(6898,4,143,94),(6899,5,211,94),(6900,2,17,94),(6901,4,7,94),(6902,4,54,94),(6903,5,61,94),(6904,5,168,94),(6905,5,203,94),(6906,4,196,94),(6907,4,432,94),(6908,3,419,94),(6909,5,209,94),(6910,4,201,94),(6911,3,282,94),(6912,4,194,94),(6913,5,47,94),(6914,4,471,94),(6915,3,233,94),(6916,4,1,94),(6917,4,273,94),(6918,2,94,94),(6919,4,241,94),(6920,3,392,94),(6921,4,401,94),(6922,4,372,94),(6923,3,39,94),(6924,4,217,94),(6925,4,451,94),(6926,4,313,94),(6927,3,417,94),(6928,5,56,94),(6929,5,170,94),(6930,5,151,94),(6931,3,88,94),(6932,3,393,94),(6933,4,235,94),(6934,3,90,94),(6935,4,70,94),(6936,4,53,94),(6937,4,92,94),(6938,4,206,94),(6939,5,86,94),(6940,4,68,94),(6941,4,175,94),(6942,5,154,94),(6943,3,472,94),(6944,5,91,94),(6945,3,418,94),(6946,3,222,94),(6947,3,403,94),(6948,4,410,94),(6949,4,433,94),(6950,4,186,94),(6951,4,215,94),(6952,4,173,94),(6953,3,496,94),(6954,3,89,94),(6955,4,210,94),(6956,4,399,94),(6957,3,411,94),(6958,3,288,94),(6959,5,347,94),(6960,2,184,94),(6961,5,180,94),(6962,1,34,94),(6963,5,318,94),(6964,4,109,94),(6965,5,448,94),(6966,3,25,95),(6967,5,204,95),(6968,5,423,95),(6969,3,290,95),(6970,4,228,95),(6971,4,381,95),(6972,5,471,95),(6973,3,443,95),(6974,4,233,95),(6975,5,1,95),(6976,3,49,95),(6977,4,96,95),(6978,3,229,95),(6979,4,366,95),(6980,4,65,95),(6981,4,357,95),(6982,5,14,95),(6983,5,485,95),(6984,2,2,95),(6985,3,241,95),(6986,3,392,95),(6987,2,386,95),(6988,3,177,95),(6989,5,194,95),(6990,3,265,95),(6991,3,24,95),(6992,3,415,95),(6993,5,173,95),(6994,2,43,95),(6995,4,127,95),(6996,5,153,95),(6997,4,77,95),(6998,1,32,95),(6999,3,451,95),(7000,4,474,95),(7001,5,191,95),(7002,4,79,95),(7003,3,179,95),(7004,3,498,95),(7005,4,31,95),(7006,5,50,95),(7007,5,404,95),(7008,3,417,95),(7009,5,91,95),(7010,2,294,95),(7011,3,483,95),(7012,3,188,95),(7013,5,170,95),(7014,5,183,95),(7015,4,250,95),(7016,5,436,95),(7017,3,132,95),(7018,4,117,95),(7019,3,275,95),(7020,4,97,95),(7021,4,208,95),(7022,4,15,95),(7023,2,422,95),(7024,4,99,95),(7025,2,237,95),(7026,4,28,95),(7027,5,393,95),(7028,2,227,95),(7029,3,63,95),(7030,4,226,95),(7031,2,90,95),(7032,4,202,95),(7033,4,70,95),(7034,5,94,95),(7035,3,193,95),(7036,2,67,95),(7037,3,402,95),(7038,4,141,95),(7039,4,52,95),(7040,2,289,95),(7041,2,110,95),(7042,4,232,95),(7043,4,378,95),(7044,4,172,95),(7045,5,328,95),(7046,4,68,95),(7047,5,199,95),(7048,3,431,95),(7049,3,449,95),(7050,2,234,95),(7051,3,82,95),(7052,5,175,95),(7053,5,286,95),(7054,2,391,95),(7055,4,491,95),(7056,3,239,95),(7057,4,151,95),(7058,2,182,95),(7059,3,203,95),(7060,3,205,95),(7061,5,472,95),(7062,5,174,95),(7063,3,133,95),(7064,5,144,95),(7065,4,102,95),(7066,3,448,95),(7067,5,207,95),(7068,3,161,95),(7069,3,465,95),(7070,4,22,95),(7071,5,238,95),(7072,1,403,95),(7073,3,137,95),(7074,4,445,95),(7075,2,200,95),(7076,3,128,95),(7077,4,433,95),(7078,5,186,95),(7079,3,78,95),(7080,4,385,95),(7081,1,101,95),(7082,4,215,95),(7083,4,356,95),(7084,3,140,95),(7085,3,176,95),(7086,4,51,95),(7087,4,121,95),(7088,4,496,95),(7089,3,89,95),(7090,1,3,95),(7091,4,274,95),(7092,4,111,95),(7093,3,58,95),(7094,2,72,95),(7095,5,210,95),(7096,5,64,95),(7097,3,135,95),(7098,4,399,95),(7099,4,181,95),(7100,5,71,95),(7101,4,462,95),(7102,5,178,95),(7103,3,405,95),(7104,1,398,95),(7105,3,95,95),(7106,5,257,95),(7107,4,219,95),(7108,4,139,95),(7109,4,142,95),(7110,2,450,95),(7111,4,143,95),(7112,4,420,95),(7113,5,216,95),(7114,5,463,95),(7115,5,195,95),(7116,5,198,95),(7117,4,197,95),(7118,4,473,95),(7119,3,33,95),(7120,4,48,95),(7121,4,416,95),(7122,4,495,95),(7123,4,190,95),(7124,5,7,95),(7125,4,88,95),(7126,3,26,95),(7127,3,395,95),(7128,4,98,95),(7129,4,73,95),(7130,3,180,95),(7131,5,83,95),(7132,4,168,95),(7133,5,8,95),(7134,3,211,95),(7135,4,389,95),(7136,2,447,95),(7137,4,196,95),(7138,3,432,95),(7139,5,69,95),(7140,4,419,95),(7141,2,371,95),(7142,4,62,95),(7143,4,209,95),(7144,3,185,95),(7145,5,181,96),(7146,5,91,96),(7147,4,234,96),(7148,1,42,96),(7149,2,194,96),(7150,5,56,96),(7151,5,170,96),(7152,2,478,96),(7153,5,484,96),(7154,5,100,96),(7155,5,318,96),(7156,4,479,96),(7157,3,486,96),(7158,4,96,96),(7159,4,216,96),(7160,4,79,96),(7161,4,183,96),(7162,5,174,96),(7163,5,195,96),(7164,5,198,96),(7165,3,435,96),(7166,4,144,96),(7167,5,127,96),(7168,4,445,96),(7169,4,190,96),(7170,5,7,96),(7171,4,238,96),(7172,5,265,96),(7173,5,200,96),(7174,5,98,96),(7175,4,87,96),(7176,4,196,96),(7177,5,23,96),(7178,4,182,96),(7179,5,483,96),(7180,5,8,96),(7181,3,173,96),(7182,5,185,96),(7183,5,423,96),(7184,4,176,96),(7185,5,89,96),(7186,4,474,96),(7187,3,83,96),(7188,5,64,96),(7189,4,153,96),(7190,5,187,96),(7191,5,50,96),(7192,4,156,96),(7193,4,432,97),(7194,5,7,97),(7195,1,192,97),(7196,5,132,97),(7197,5,183,97),(7198,2,205,97),(7199,5,96,97),(7200,5,79,97),(7201,5,97,97),(7202,4,1,97),(7203,4,174,97),(7204,5,195,97),(7205,3,466,97),(7206,5,482,97),(7207,4,435,97),(7208,1,133,97),(7209,4,434,97),(7210,4,428,97),(7211,5,169,97),(7212,5,204,97),(7213,4,98,97),(7214,5,202,97),(7215,5,357,97),(7216,5,23,97),(7217,1,83,97),(7218,4,193,97),(7219,4,168,97),(7220,3,186,97),(7221,4,189,97),(7222,5,32,97),(7223,5,408,97),(7224,5,222,97),(7225,3,173,97),(7226,2,100,97),(7227,5,423,97),(7228,2,496,97),(7229,5,89,97),(7230,5,69,97),(7231,5,115,97),(7232,5,191,97),(7233,3,197,97),(7234,4,172,97),(7235,5,28,97),(7236,5,153,97),(7237,5,208,97),(7238,5,50,97),(7239,3,431,97),(7240,5,25,98),(7241,5,194,98),(7242,3,322,98),(7243,4,47,98),(7244,3,163,98),(7245,4,211,98),(7246,5,435,98),(7247,5,116,98),(7248,5,428,98),(7249,3,88,98),(7250,2,209,98),(7251,3,321,98),(7252,3,70,98),(7253,2,168,98),(7254,1,173,98),(7255,3,152,98),(7256,3,25,99),(7257,2,358,99),(7258,3,322,99),(7259,4,471,99),(7260,4,369,99),(7261,4,1,99),(7262,5,273,99),(7263,3,123,99),(7264,4,315,99),(7265,4,125,99),(7266,3,255,99),(7267,3,246,99),(7268,5,4,99),(7269,4,338,99),(7270,2,276,99),(7271,5,313,99),(7272,5,11,99),(7273,3,107,99),(7274,4,79,99),(7275,5,50,99),(7276,3,326,99),(7277,3,345,99),(7278,4,294,99),(7279,3,3,99),(7280,5,56,99),(7281,3,332,99),(7282,2,118,99),(7283,4,367,99),(7284,3,310,99),(7285,5,117,99),(7286,4,346,99),(7287,2,312,99),(7288,2,409,99),(7289,2,116,99),(7290,5,237,99),(7291,3,245,99),(7292,3,413,99),(7293,4,232,99),(7294,5,172,99),(7295,4,328,99),(7296,1,342,99),(7297,5,64,99),(7298,4,363,99),(7299,5,258,99),(7300,2,105,99),(7301,4,182,99),(7302,3,472,99),(7303,4,402,99),(7304,5,174,99),(7305,1,111,99),(7306,2,124,99),(7307,3,66,99),(7308,5,22,99),(7309,4,238,99),(7310,4,403,99),(7311,5,410,99),(7312,5,475,99),(7313,4,433,99),(7314,3,421,99),(7315,4,173,99),(7316,3,121,99),(7317,4,240,99),(7318,1,274,99),(7319,3,28,99),(7320,5,210,99),(7321,5,181,99),(7322,4,405,99),(7323,4,300,99),(7324,4,290,99),(7325,4,288,99),(7326,4,348,99),(7327,5,100,99),(7328,4,473,99),(7329,3,265,99),(7330,3,406,99),(7331,4,7,99),(7332,5,12,99),(7333,5,147,99),(7334,3,331,99),(7335,5,98,99),(7336,4,92,99),(7337,2,354,99),(7338,5,168,99),(7339,4,203,99),(7340,1,275,99),(7341,3,456,99),(7342,4,196,99),(7343,4,69,99),(7344,4,204,99),(7345,3,201,99),(7346,2,120,99),(7347,3,333,100),(7348,4,294,100),(7349,3,286,100),(7350,4,300,100),(7351,4,258,100),(7352,3,340,100),(7353,3,310,100),(7354,2,288,100),(7355,4,347,100),(7356,3,349,100),(7357,3,323,100),(7358,5,315,100),(7359,3,326,100),(7360,4,302,100),(7361,1,321,100),(7362,3,270,100),(7363,3,246,100),(7364,2,354,100),(7365,3,348,100),(7366,3,346,100),(7367,3,271,100),(7368,5,313,100),(7369,3,289,100),(7370,4,272,100),(7371,4,269,100),(7372,2,292,100),(7373,4,328,100),(7374,3,342,100),(7375,5,316,100),(7376,4,355,100);
/*!40000 ALTER TABLE `rating` ENABLE KEYS */;
UNLOCK TABLES;

--
-- Table structure for table `user`
--

DROP TABLE IF EXISTS `user`;
/*!40101 SET @saved_cs_client     = @@character_set_client */;
/*!40101 SET character_set_client = utf8 */;
CREATE TABLE `user` (
  `id` bigint(20) NOT NULL,
  `age` int(11) DEFAULT NULL,
  `gender` int(11) DEFAULT NULL,
  `occupation` varchar(255) DEFAULT NULL,
  `password` varchar(255) DEFAULT NULL,
  `username` varchar(255) DEFAULT NULL,
  PRIMARY KEY (`id`)
) ENGINE=InnoDB DEFAULT CHARSET=latin1;
/*!40101 SET character_set_client = @saved_cs_client */;

--
-- Dumping data for table `user`
--

LOCK TABLES `user` WRITE;
/*!40000 ALTER TABLE `user` DISABLE KEYS */;
INSERT INTO `user` VALUES (1,24,0,'technician','123456','001'),(2,53,1,'other','123456','002'),(3,23,0,'writer','123456','003'),(4,24,0,'technician','123456','004'),(5,33,1,'other','123456','005'),(6,42,0,'executive','123456','006'),(7,57,0,'administrator','123456','007'),(8,36,0,'administrator','123456','008'),(9,29,0,'student','123456','009'),(10,53,0,'lawyer','123456','010'),(11,39,1,'other','123456','011'),(12,28,1,'other','123456','012'),(13,47,0,'educator','123456','013'),(14,45,0,'scientist','123456','014'),(15,49,1,'educator','123456','015'),(16,21,0,'entertainment','123456','016'),(17,30,0,'programmer','123456','017'),(18,35,1,'other','123456','018'),(19,40,0,'librarian','123456','019'),(20,42,1,'homemaker','123456','020'),(21,26,0,'writer','123456','021'),(22,25,0,'writer','123456','022'),(23,30,1,'artist','123456','023'),(24,21,1,'artist','123456','024'),(25,39,0,'engineer','123456','025'),(26,49,0,'engineer','123456','026'),(27,40,1,'librarian','123456','027'),(28,32,0,'writer','123456','028'),(29,41,0,'programmer','123456','029'),(30,7,0,'student','123456','030'),(31,24,0,'artist','123456','031'),(32,28,1,'student','123456','032'),(33,23,0,'student','123456','033'),(34,38,1,'administrator','123456','034'),(35,20,1,'homemaker','123456','035'),(36,19,1,'student','123456','036'),(37,23,0,'student','123456','037'),(38,28,1,'other','123456','038'),(39,41,0,'entertainment','123456','039'),(40,38,0,'scientist','123456','040'),(41,33,0,'engineer','123456','041'),(42,30,0,'administrator','123456','042'),(43,29,1,'librarian','123456','043'),(44,26,0,'technician','123456','044'),(45,29,0,'programmer','123456','045'),(46,27,1,'marketing','123456','046'),(47,53,0,'marketing','123456','047'),(48,45,0,'administrator','123456','048'),(49,23,1,'student','123456','049'),(50,21,0,'writer','123456','050'),(51,28,0,'educator','123456','051'),(52,18,1,'student','123456','052'),(53,26,0,'programmer','123456','053'),(54,22,0,'executive','123456','054'),(55,37,0,'programmer','123456','055'),(56,25,0,'librarian','123456','056'),(57,16,0,'none','123456','057'),(58,27,0,'programmer','123456','058'),(59,49,0,'educator','123456','059'),(60,50,0,'healthcare','123456','060'),(61,36,0,'engineer','123456','061'),(62,27,1,'administrator','123456','062'),(63,31,0,'marketing','123456','063'),(64,32,0,'educator','123456','064'),(65,51,1,'educator','123456','065'),(66,23,0,'student','123456','066'),(67,17,0,'student','123456','067'),(68,19,0,'student','123456','068'),(69,24,0,'engineer','123456','069'),(70,27,0,'engineer','123456','070'),(71,39,0,'scientist','123456','071'),(72,48,1,'administrator','123456','072'),(73,24,0,'student','123456','073'),(74,39,0,'scientist','123456','074'),(75,24,0,'entertainment','123456','075'),(76,20,0,'student','123456','076'),(77,30,0,'technician','123456','077'),(78,26,0,'administrator','123456','078'),(79,39,1,'administrator','123456','079'),(80,34,1,'administrator','123456','080'),(81,21,0,'student','123456','081'),(82,50,0,'programmer','123456','082'),(83,40,0,'other','123456','083'),(84,32,0,'executive','123456','084'),(85,51,0,'educator','123456','085'),(86,26,0,'administrator','123456','086'),(87,47,0,'administrator','123456','087'),(88,49,1,'librarian','123456','088'),(89,43,1,'administrator','123456','089'),(90,60,0,'educator','123456','090'),(91,55,0,'marketing','123456','091'),(92,32,0,'entertainment','123456','092'),(93,48,0,'executive','123456','093'),(94,26,0,'student','123456','094'),(95,31,0,'administrator','123456','095'),(96,25,1,'artist','123456','096'),(97,43,0,'artist','123456','097'),(98,49,1,'executive','123456','098'),(99,20,0,'student','123456','099'),(100,36,0,'executive','123456','100');
/*!40000 ALTER TABLE `user` ENABLE KEYS */;
UNLOCK TABLES;
/*!40103 SET TIME_ZONE=@OLD_TIME_ZONE */;

/*!40101 SET SQL_MODE=@OLD_SQL_MODE */;
/*!40014 SET FOREIGN_KEY_CHECKS=@OLD_FOREIGN_KEY_CHECKS */;
/*!40014 SET UNIQUE_CHECKS=@OLD_UNIQUE_CHECKS */;
/*!40101 SET CHARACTER_SET_CLIENT=@OLD_CHARACTER_SET_CLIENT */;
/*!40101 SET CHARACTER_SET_RESULTS=@OLD_CHARACTER_SET_RESULTS */;
/*!40101 SET COLLATION_CONNECTION=@OLD_COLLATION_CONNECTION */;
/*!40111 SET SQL_NOTES=@OLD_SQL_NOTES */;

-- Dump completed on 2017-04-30 22:23:47
