-- MySQL dump 10.13  Distrib 5.6.24, for osx10.8 (x86_64)
--
-- Host: 127.0.0.1    Database: LZS
-- ------------------------------------------------------
-- Server version	5.7.17

/*!40101 SET @OLD_CHARACTER_SET_CLIENT=@@CHARACTER_SET_CLIENT */;
/*!40101 SET @OLD_CHARACTER_SET_RESULTS=@@CHARACTER_SET_RESULTS */;
/*!40101 SET @OLD_COLLATION_CONNECTION=@@COLLATION_CONNECTION */;
/*!40101 SET NAMES utf8 */;
/*!40103 SET @OLD_TIME_ZONE=@@TIME_ZONE */;
/*!40103 SET TIME_ZONE='+00:00' */;
/*!40014 SET @OLD_UNIQUE_CHECKS=@@UNIQUE_CHECKS, UNIQUE_CHECKS=0 */;
/*!40014 SET @OLD_FOREIGN_KEY_CHECKS=@@FOREIGN_KEY_CHECKS, FOREIGN_KEY_CHECKS=0 */;
/*!40101 SET @OLD_SQL_MODE=@@SQL_MODE, SQL_MODE='NO_AUTO_VALUE_ON_ZERO' */;
/*!40111 SET @OLD_SQL_NOTES=@@SQL_NOTES, SQL_NOTES=0 */;

--
-- Table structure for table `hibernate_sequence`
--

DROP TABLE IF EXISTS `hibernate_sequence`;
/*!40101 SET @saved_cs_client     = @@character_set_client */;
/*!40101 SET character_set_client = utf8 */;
CREATE TABLE `hibernate_sequence` (
  `next_val` bigint(20) DEFAULT NULL
) ENGINE=InnoDB DEFAULT CHARSET=latin1;
/*!40101 SET character_set_client = @saved_cs_client */;

--
-- Dumping data for table `hibernate_sequence`
--

LOCK TABLES `hibernate_sequence` WRITE;
/*!40000 ALTER TABLE `hibernate_sequence` DISABLE KEYS */;
INSERT INTO `hibernate_sequence` VALUES (1144);
/*!40000 ALTER TABLE `hibernate_sequence` ENABLE KEYS */;
UNLOCK TABLES;

--
-- Table structure for table `movie`
--

DROP TABLE IF EXISTS `movie`;
/*!40101 SET @saved_cs_client     = @@character_set_client */;
/*!40101 SET character_set_client = utf8 */;
CREATE TABLE `movie` (
  `id` bigint(20) NOT NULL,
  `action` bit(1) DEFAULT NULL,
  `adventure` bit(1) DEFAULT NULL,
  `animation` bit(1) DEFAULT NULL,
  `children` bit(1) DEFAULT NULL,
  `comedy` bit(1) DEFAULT NULL,
  `crime` bit(1) DEFAULT NULL,
  `date` datetime DEFAULT NULL,
  `documentary` bit(1) DEFAULT NULL,
  `drama` bit(1) DEFAULT NULL,
  `fantasy` bit(1) DEFAULT NULL,
  `filmnoir` bit(1) DEFAULT NULL,
  `horror` bit(1) DEFAULT NULL,
  `musical` bit(1) DEFAULT NULL,
  `mystery` bit(1) DEFAULT NULL,
  `romance` bit(1) DEFAULT NULL,
  `scifi` bit(1) DEFAULT NULL,
  `thriller` bit(1) DEFAULT NULL,
  `title` varchar(255) DEFAULT NULL,
  `unknown` bit(1) DEFAULT NULL,
  `war` bit(1) DEFAULT NULL,
  `western` bit(1) DEFAULT NULL,
  PRIMARY KEY (`id`)
) ENGINE=InnoDB DEFAULT CHARSET=latin1;
/*!40101 SET character_set_client = @saved_cs_client */;

--
-- Dumping data for table `movie`
--

LOCK TABLES `movie` WRITE;
/*!40000 ALTER TABLE `movie` DISABLE KEYS */;
INSERT INTO `movie` VALUES (1,'\0','\0','','','','\0','1995-01-01 00:00:00','\0','\0','\0','\0','\0','\0','\0','\0','\0','\0','Toy Story (1995)','\0','\0','\0'),(2,'','','\0','\0','\0','\0','1995-01-01 00:00:00','\0','\0','\0','\0','\0','\0','\0','\0','\0','','GoldenEye (1995)','\0','\0','\0'),(3,'\0','\0','\0','\0','\0','\0','1995-01-01 00:00:00','\0','\0','\0','\0','\0','\0','\0','\0','\0','','Four Rooms (1995)','\0','\0','\0'),(4,'','\0','\0','\0','','\0','1995-01-01 00:00:00','\0','','\0','\0','\0','\0','\0','\0','\0','\0','Get Shorty (1995)','\0','\0','\0'),(5,'\0','\0','\0','\0','\0','','1995-01-01 00:00:00','\0','','\0','\0','\0','\0','\0','\0','\0','','Copycat (1995)','\0','\0','\0'),(6,'\0','\0','\0','\0','\0','\0','1995-01-01 00:00:00','\0','','\0','\0','\0','\0','\0','\0','\0','\0','Shanghai Triad (Yao a yao yao dao waipo qiao) (1995)','\0','\0','\0'),(7,'\0','\0','\0','\0','\0','\0','1995-01-01 00:00:00','\0','','\0','\0','\0','\0','\0','\0','','\0','Twelve Monkeys (1995)','\0','\0','\0'),(8,'\0','\0','\0','','','\0','1995-01-01 00:00:00','\0','','\0','\0','\0','\0','\0','\0','\0','\0','Babe (1995)','\0','\0','\0'),(9,'\0','\0','\0','\0','\0','\0','1995-01-01 00:00:00','\0','','\0','\0','\0','\0','\0','\0','\0','\0','Dead Man Walking (1995)','\0','\0','\0'),(10,'\0','\0','\0','\0','\0','\0','1996-01-22 00:00:00','\0','','\0','\0','\0','\0','\0','\0','\0','\0','Richard III (1995)','\0','','\0'),(11,'\0','\0','\0','\0','\0','','1995-01-01 00:00:00','\0','\0','\0','\0','\0','\0','\0','\0','\0','','Seven (Se7en) (1995)','\0','\0','\0'),(12,'\0','\0','\0','\0','\0','','1995-08-14 00:00:00','\0','\0','\0','\0','\0','\0','\0','\0','\0','','\"Usual Suspects, The (1995)\"','\0','\0','\0'),(13,'\0','\0','\0','\0','','\0','1995-10-30 00:00:00','\0','\0','\0','\0','\0','\0','\0','\0','\0','\0','Mighty Aphrodite (1995)','\0','\0','\0'),(14,'\0','\0','\0','\0','\0','\0','1994-01-01 00:00:00','\0','','\0','\0','\0','\0','\0','','\0','\0','\"Postino, Il (1994)\"','\0','\0','\0'),(15,'\0','\0','\0','\0','\0','\0','1996-01-29 00:00:00','\0','','\0','\0','\0','\0','\0','\0','\0','\0','Mr. Holland\'s Opus (1995)','\0','\0','\0'),(16,'\0','\0','\0','\0','','\0','1995-01-01 00:00:00','\0','\0','\0','\0','\0','\0','\0','','\0','\0','French Twist (Gazon maudit) (1995)','\0','\0','\0'),(17,'','\0','\0','\0','','','1996-02-05 00:00:00','\0','\0','\0','\0','','\0','\0','\0','\0','','From Dusk Till Dawn (1996)','\0','\0','\0'),(18,'\0','\0','\0','\0','\0','\0','1995-01-01 00:00:00','\0','','\0','\0','\0','\0','\0','\0','\0','\0','\"White Balloon, The (1995)\"','\0','\0','\0'),(19,'\0','\0','\0','\0','\0','\0','1995-01-01 00:00:00','\0','','\0','\0','\0','\0','\0','\0','\0','\0','Antonia\'s Line (1995)','\0','\0','\0'),(20,'\0','\0','\0','\0','\0','\0','1995-01-01 00:00:00','\0','','\0','\0','\0','\0','\0','','\0','\0','Angels and Insects (1995)','\0','\0','\0'),(21,'','','\0','\0','','\0','1996-02-16 00:00:00','\0','\0','\0','\0','\0','','\0','\0','\0','','Muppet Treasure Island (1996)','\0','\0','\0'),(22,'','\0','\0','\0','\0','\0','1996-02-16 00:00:00','\0','','\0','\0','\0','\0','\0','\0','\0','\0','Braveheart (1995)','\0','','\0'),(23,'\0','\0','\0','\0','\0','\0','1996-02-16 00:00:00','\0','','\0','\0','\0','\0','\0','\0','\0','','Taxi Driver (1976)','\0','\0','\0'),(24,'','','\0','\0','\0','','1996-02-23 00:00:00','\0','\0','\0','\0','\0','\0','\0','\0','\0','\0','Rumble in the Bronx (1995)','\0','\0','\0'),(25,'\0','\0','\0','\0','','\0','1996-03-08 00:00:00','\0','\0','\0','\0','\0','\0','\0','\0','\0','\0','\"Birdcage, The (1996)\"','\0','\0','\0'),(26,'\0','\0','\0','\0','','\0','1995-01-01 00:00:00','\0','\0','\0','\0','\0','\0','\0','\0','\0','\0','\"Brothers McMullen, The (1995)\"','\0','\0','\0'),(27,'','\0','\0','\0','\0','\0','1995-01-01 00:00:00','\0','\0','\0','\0','\0','\0','\0','\0','\0','\0','Bad Boys (1995)','\0','\0','\0'),(28,'','\0','\0','\0','\0','\0','1995-01-01 00:00:00','\0','','\0','\0','\0','\0','\0','\0','\0','','Apollo 13 (1995)','\0','\0','\0'),(29,'','','\0','\0','','','1995-01-01 00:00:00','\0','\0','\0','\0','\0','\0','\0','\0','\0','\0','Batman Forever (1995)','\0','\0','\0'),(30,'\0','\0','\0','\0','\0','\0','1967-01-01 00:00:00','\0','','\0','\0','\0','\0','\0','\0','\0','\0','Belle de jour (1967)','\0','\0','\0'),(31,'\0','\0','\0','\0','\0','\0','1995-01-01 00:00:00','\0','','\0','\0','\0','\0','\0','\0','\0','','Crimson Tide (1995)','\0','','\0'),(32,'\0','\0','\0','\0','\0','\0','1994-01-01 00:00:00','','\0','\0','\0','\0','\0','\0','\0','\0','\0','Crumb (1994)','\0','\0','\0'),(33,'','\0','\0','\0','\0','\0','1995-01-01 00:00:00','\0','\0','\0','\0','\0','\0','\0','','\0','','Desperado (1995)','\0','\0','\0'),(34,'\0','\0','\0','\0','','\0','1995-01-01 00:00:00','\0','','\0','\0','\0','\0','\0','\0','\0','\0','\"Doom Generation, The (1995)\"','\0','\0','\0'),(35,'\0','','\0','','\0','\0','1995-01-01 00:00:00','\0','','\0','\0','\0','\0','\0','\0','\0','\0','Free Willy 2: The Adventure Home (1995)','\0','\0','\0'),(36,'\0','\0','\0','\0','\0','\0','1995-01-01 00:00:00','\0','','\0','\0','\0','\0','\0','','\0','\0','Mad Love (1995)','\0','\0','\0'),(37,'\0','\0','\0','\0','\0','\0','1994-01-01 00:00:00','\0','','\0','\0','\0','\0','\0','\0','\0','\0','Nadja (1994)','\0','\0','\0'),(38,'\0','\0','\0','\0','\0','\0','1995-01-01 00:00:00','\0','\0','\0','\0','\0','\0','\0','\0','','','\"Net, The (1995)\"','\0','\0','\0'),(39,'','\0','\0','\0','\0','','1995-01-01 00:00:00','\0','\0','\0','\0','\0','\0','\0','\0','','\0','Strange Days (1995)','\0','\0','\0'),(40,'\0','\0','\0','\0','','\0','1995-01-01 00:00:00','\0','\0','\0','\0','\0','\0','\0','\0','\0','\0','\"To Wong Foo, Thanks for Everything! Julie Newmar (1995)\"','\0','\0','\0'),(41,'\0','\0','\0','\0','','\0','1995-01-01 00:00:00','\0','\0','\0','\0','\0','\0','\0','\0','\0','\0','Billy Madison (1995)','\0','\0','\0'),(42,'\0','\0','\0','\0','','\0','1994-01-01 00:00:00','\0','\0','\0','\0','\0','\0','\0','\0','\0','\0','Clerks (1994)','\0','\0','\0'),(43,'\0','\0','\0','\0','\0','\0','1994-01-01 00:00:00','\0','','\0','\0','\0','\0','\0','\0','\0','','Disclosure (1994)','\0','\0','\0'),(44,'\0','\0','\0','\0','\0','\0','1994-01-01 00:00:00','\0','','\0','\0','\0','\0','\0','\0','\0','','Dolores Claiborne (1994)','\0','\0','\0'),(45,'\0','\0','\0','\0','','\0','1994-01-01 00:00:00','\0','','\0','\0','\0','\0','\0','\0','\0','\0','Eat Drink Man Woman (1994)','\0','\0','\0'),(46,'\0','\0','\0','\0','\0','\0','1994-01-01 00:00:00','\0','','\0','\0','\0','\0','\0','\0','\0','\0','Exotica (1994)','\0','\0','\0'),(47,'\0','\0','\0','\0','','\0','1994-01-01 00:00:00','\0','','\0','\0','\0','\0','\0','\0','\0','\0','Ed Wood (1994)','\0','\0','\0'),(48,'\0','\0','\0','\0','\0','\0','1994-01-01 00:00:00','','\0','\0','\0','\0','\0','\0','\0','\0','\0','Hoop Dreams (1994)','\0','\0','\0'),(49,'\0','\0','\0','\0','','\0','1994-01-01 00:00:00','\0','\0','\0','\0','\0','\0','\0','','\0','\0','I.Q. (1994)','\0','\0','\0'),(50,'','','\0','\0','\0','\0','1977-01-01 00:00:00','\0','\0','\0','\0','\0','\0','\0','','','\0','Star Wars (1977)','\0','','\0'),(51,'\0','\0','\0','\0','\0','\0','1994-01-01 00:00:00','\0','','\0','\0','\0','\0','\0','','\0','\0','Legends of the Fall (1994)','\0','',''),(52,'\0','\0','\0','\0','\0','\0','1994-01-01 00:00:00','\0','','\0','\0','\0','\0','\0','\0','\0','\0','\"Madness of King George, The (1994)\"','\0','\0','\0'),(53,'','\0','\0','\0','\0','\0','1994-01-01 00:00:00','\0','\0','\0','\0','\0','\0','\0','\0','\0','','Natural Born Killers (1994)','\0','\0','\0'),(54,'','\0','\0','\0','\0','\0','1995-01-01 00:00:00','\0','','\0','\0','\0','\0','\0','\0','\0','','Outbreak (1995)','\0','\0','\0'),(55,'\0','\0','\0','\0','\0','','1994-01-01 00:00:00','\0','','\0','\0','\0','\0','\0','','\0','','\"Professional, The (1994)\"','\0','\0','\0'),(56,'\0','\0','\0','\0','\0','','1994-01-01 00:00:00','\0','','\0','\0','\0','\0','\0','\0','\0','\0','Pulp Fiction (1994)','\0','\0','\0'),(57,'\0','\0','\0','\0','\0','\0','1994-01-01 00:00:00','\0','','\0','\0','\0','\0','\0','\0','\0','\0','Priest (1994)','\0','\0','\0'),(58,'\0','\0','\0','\0','\0','\0','1994-01-01 00:00:00','\0','','\0','\0','\0','\0','\0','\0','\0','\0','Quiz Show (1994)','\0','\0','\0'),(59,'\0','\0','\0','\0','\0','\0','1994-01-01 00:00:00','\0','','\0','\0','\0','\0','\0','\0','\0','\0','Three Colors: Red (1994)','\0','\0','\0'),(60,'\0','\0','\0','\0','\0','\0','1993-01-01 00:00:00','\0','','\0','\0','\0','\0','\0','\0','\0','\0','Three Colors: Blue (1993)','\0','\0','\0'),(61,'\0','\0','\0','\0','\0','\0','1994-01-01 00:00:00','\0','','\0','\0','\0','\0','\0','\0','\0','\0','Three Colors: White (1994)','\0','\0','\0'),(62,'','','\0','\0','\0','\0','1994-01-01 00:00:00','\0','\0','\0','\0','\0','\0','\0','\0','','\0','Stargate (1994)','\0','\0','\0'),(63,'\0','\0','\0','','','\0','1994-01-01 00:00:00','\0','\0','\0','\0','\0','\0','\0','\0','\0','\0','\"Santa Clause, The (1994)\"','\0','\0','\0'),(64,'\0','\0','\0','\0','\0','\0','1994-01-01 00:00:00','\0','','\0','\0','\0','\0','\0','\0','\0','\0','\"Shawshank Redemption, The (1994)\"','\0','\0','\0'),(65,'\0','\0','\0','\0','','\0','1993-01-01 00:00:00','\0','','\0','\0','\0','\0','\0','\0','\0','\0','What\'s Eating Gilbert Grape (1993)','\0','\0','\0'),(66,'\0','\0','\0','\0','','\0','1995-01-01 00:00:00','\0','\0','\0','\0','\0','\0','\0','','\0','\0','While You Were Sleeping (1995)','\0','\0','\0'),(67,'\0','\0','\0','\0','','\0','1994-01-01 00:00:00','\0','\0','\0','\0','\0','\0','\0','\0','\0','\0','Ace Ventura: Pet Detective (1994)','\0','\0','\0'),(68,'','\0','\0','\0','\0','\0','1994-01-01 00:00:00','\0','\0','\0','\0','\0','\0','\0','','\0','','\"Crow, The (1994)\"','\0','\0','\0'),(69,'\0','\0','\0','\0','','\0','1994-01-01 00:00:00','\0','\0','\0','\0','\0','\0','\0','','\0','\0','Forrest Gump (1994)','\0','','\0'),(70,'\0','\0','\0','\0','','\0','1994-01-01 00:00:00','\0','\0','\0','\0','\0','\0','\0','','\0','\0','Four Weddings and a Funeral (1994)','\0','\0','\0'),(71,'\0','\0','','','\0','\0','1994-01-01 00:00:00','\0','\0','\0','\0','\0','','\0','\0','\0','\0','\"Lion King, The (1994)\"','\0','\0','\0'),(72,'\0','\0','\0','\0','','','1994-01-01 00:00:00','\0','\0','','\0','\0','\0','\0','\0','\0','\0','\"Mask, The (1994)\"','\0','\0','\0'),(73,'','\0','\0','\0','','\0','1994-01-01 00:00:00','\0','\0','\0','\0','\0','\0','\0','\0','\0','\0','Maverick (1994)','\0','\0',''),(74,'','\0','\0','\0','','\0','1965-01-01 00:00:00','\0','','\0','\0','\0','\0','\0','\0','\0','\0','Faster Pussycat! Kill! Kill! (1965)','\0','\0','\0'),(75,'\0','\0','\0','\0','\0','\0','1994-01-01 00:00:00','','\0','\0','\0','\0','\0','\0','\0','\0','\0','Brother Minister: The Assassination of Malcolm X (1994)','\0','\0','\0'),(76,'\0','\0','\0','\0','\0','','1993-01-01 00:00:00','\0','','\0','\0','\0','\0','\0','\0','\0','\0','Carlito\'s Way (1993)','\0','\0','\0'),(77,'\0','\0','\0','\0','\0','\0','1993-01-01 00:00:00','\0','','\0','\0','\0','\0','\0','\0','\0','','\"Firm, The (1993)\"','\0','\0','\0'),(78,'\0','','\0','','\0','\0','1993-01-01 00:00:00','\0','','\0','\0','\0','\0','\0','\0','\0','\0','Free Willy (1993)','\0','\0','\0'),(79,'','\0','\0','\0','\0','\0','1993-01-01 00:00:00','\0','\0','\0','\0','\0','\0','\0','\0','\0','','\"Fugitive, The (1993)\"','\0','\0','\0'),(80,'','\0','\0','\0','','\0','1993-01-01 00:00:00','\0','\0','\0','\0','\0','\0','\0','\0','\0','\0','Hot Shots! Part Deux (1993)','\0','','\0'),(81,'\0','\0','\0','\0','','\0','1994-01-01 00:00:00','\0','\0','\0','\0','\0','\0','\0','','\0','\0','\"Hudsucker Proxy, The (1994)\"','\0','\0','\0'),(82,'','','\0','\0','\0','\0','1993-01-01 00:00:00','\0','\0','\0','\0','\0','\0','\0','\0','','\0','Jurassic Park (1993)','\0','\0','\0'),(83,'\0','\0','\0','\0','','\0','1993-01-01 00:00:00','\0','\0','\0','\0','\0','\0','\0','','\0','\0','Much Ado About Nothing (1993)','\0','\0','\0'),(84,'\0','\0','\0','\0','\0','\0','1994-01-01 00:00:00','\0','\0','\0','\0','','\0','\0','\0','','\0','Robert A. Heinlein\'s The Puppet Masters (1994)','\0','\0','\0'),(85,'\0','\0','\0','\0','','\0','1994-01-01 00:00:00','\0','\0','\0','\0','\0','\0','\0','\0','\0','\0','\"Ref, The (1994)\"','\0','\0','\0'),(86,'\0','\0','\0','\0','\0','\0','1993-01-01 00:00:00','\0','','\0','\0','\0','\0','\0','\0','\0','\0','\"Remains of the Day, The (1993)\"','\0','\0','\0'),(87,'\0','\0','\0','\0','\0','\0','1993-01-01 00:00:00','\0','','\0','\0','\0','\0','\0','\0','\0','\0','Searching for Bobby Fischer (1993)','\0','\0','\0'),(88,'\0','\0','\0','\0','','\0','1993-01-01 00:00:00','\0','\0','\0','\0','\0','\0','\0','','\0','\0','Sleepless in Seattle (1993)','\0','\0','\0'),(89,'\0','\0','\0','\0','\0','\0','1982-01-01 00:00:00','\0','\0','\0','','\0','\0','\0','\0','','\0','Blade Runner (1982)','\0','\0','\0'),(90,'\0','\0','\0','\0','','\0','1993-01-01 00:00:00','\0','\0','\0','\0','\0','\0','\0','','\0','','So I Married an Axe Murderer (1993)','\0','\0','\0'),(91,'\0','\0','\0','','','\0','1993-01-01 00:00:00','\0','\0','\0','\0','\0','','\0','\0','\0','\0','\"Nightmare Before Christmas, The (1993)\"','\0','\0','\0'),(92,'','\0','\0','\0','\0','','1993-01-01 00:00:00','\0','\0','\0','\0','\0','\0','\0','','\0','\0','True Romance (1993)','\0','\0','\0'),(93,'\0','\0','\0','\0','','\0','1996-05-24 00:00:00','\0','','\0','\0','\0','\0','\0','\0','\0','\0','Welcome to the Dollhouse (1995)','\0','\0','\0'),(94,'\0','\0','\0','','','\0','1990-01-01 00:00:00','\0','\0','\0','\0','\0','\0','\0','\0','\0','\0','Home Alone (1990)','\0','\0','\0'),(95,'\0','\0','','','','\0','1992-01-01 00:00:00','\0','\0','\0','\0','\0','','\0','\0','\0','\0','Aladdin (1992)','\0','\0','\0'),(96,'','\0','\0','\0','\0','\0','1991-01-01 00:00:00','\0','\0','\0','\0','\0','\0','\0','\0','','','Terminator 2: Judgment Day (1991)','\0','\0','\0'),(97,'\0','','\0','\0','\0','\0','1990-01-01 00:00:00','\0','','\0','\0','\0','\0','\0','\0','\0','\0','Dances with Wolves (1990)','\0','\0',''),(98,'\0','\0','\0','\0','\0','\0','1991-01-01 00:00:00','\0','','\0','\0','\0','\0','\0','\0','\0','','\"Silence of the Lambs, The (1991)\"','\0','\0','\0'),(99,'\0','\0','','','\0','\0','2037-01-01 00:00:00','\0','\0','\0','\0','\0','','\0','\0','\0','\0','Snow White and the Seven Dwarfs (1937)','\0','\0','\0'),(100,'\0','\0','\0','\0','\0','','1997-02-14 00:00:00','\0','','\0','\0','\0','\0','\0','\0','\0','','Fargo (1996)','\0','\0','\0'),(101,'','','','\0','\0','\0','1981-03-08 00:00:00','\0','\0','\0','\0','','\0','\0','\0','','\0','Heavy Metal (1981)','\0','\0','\0'),(102,'\0','\0','','','\0','\0','1970-01-01 00:00:00','\0','\0','\0','\0','\0','\0','\0','\0','\0','\0','\"Aristocats, The (1970)\"','\0','\0','\0'),(103,'\0','\0','','','\0','\0','1996-03-29 00:00:00','\0','\0','\0','\0','\0','','\0','\0','\0','\0','All Dogs Go to Heaven 2 (1996)','\0','\0','\0'),(104,'\0','\0','\0','\0','','\0','1996-03-29 00:00:00','\0','\0','\0','\0','\0','\0','\0','\0','\0','\0','Theodore Rex (1995)','\0','\0','\0'),(105,'\0','\0','\0','\0','','\0','1996-03-29 00:00:00','\0','\0','\0','\0','\0','\0','\0','\0','\0','\0','Sgt. Bilko (1996)','\0','\0','\0'),(106,'\0','\0','\0','\0','\0','\0','1996-01-01 00:00:00','\0','','\0','\0','\0','\0','\0','\0','\0','','Diabolique (1996)','\0','\0','\0'),(107,'\0','\0','\0','\0','\0','\0','1996-06-14 00:00:00','\0','','\0','\0','\0','\0','\0','\0','\0','\0','Moll Flanders (1996)','\0','\0','\0'),(108,'\0','\0','\0','\0','','\0','1996-04-12 00:00:00','\0','\0','\0','\0','\0','\0','\0','\0','\0','\0','Kids in the Hall: Brain Candy (1996)','\0','\0','\0'),(109,'\0','\0','\0','\0','','\0','1996-04-19 00:00:00','\0','\0','\0','\0','\0','\0','\0','\0','','\0','Mystery Science Theater 3000: The Movie (1996)','\0','\0','\0'),(110,'','','\0','\0','','\0','1995-01-01 00:00:00','\0','\0','\0','\0','\0','\0','\0','\0','\0','\0','Operation Dumbo Drop (1995)','\0','','\0'),(111,'\0','\0','\0','\0','','\0','1996-04-26 00:00:00','\0','\0','\0','\0','\0','\0','\0','','\0','\0','\"Truth About Cats & Dogs, The (1996)\"','\0','\0','\0'),(112,'\0','','\0','','\0','\0','1996-05-10 00:00:00','\0','\0','\0','\0','\0','\0','\0','\0','\0','\0','Flipper (1996)','\0','\0','\0'),(113,'\0','\0','\0','\0','\0','\0','1996-04-19 00:00:00','\0','','\0','\0','\0','\0','\0','\0','\0','\0','\"Horseman on the Roof, The (Hussard sur le toit, Le) (1995)\"','\0','\0','\0'),(114,'\0','\0','','\0','\0','\0','1996-04-05 00:00:00','\0','\0','\0','\0','\0','\0','\0','\0','\0','\0','Wallace & Gromit: The Best of Aardman Animation (1996)','\0','\0','\0'),(115,'\0','\0','\0','\0','\0','\0','1996-04-26 00:00:00','','\0','\0','\0','\0','\0','\0','\0','\0','\0','\"Haunted World of Edward D. Wood Jr., The (1995)\"','\0','\0','\0'),(116,'\0','\0','\0','\0','','\0','1996-04-23 00:00:00','\0','\0','\0','\0','\0','\0','\0','\0','\0','\0','Cold Comfort Farm (1995)','\0','\0','\0'),(117,'','','\0','\0','\0','\0','1996-06-07 00:00:00','\0','\0','\0','\0','\0','\0','\0','\0','\0','','\"Rock, The (1996)\"','\0','\0','\0'),(118,'','','\0','\0','\0','\0','1996-05-10 00:00:00','\0','\0','\0','\0','\0','\0','\0','\0','\0','','Twister (1996)','\0','\0','\0'),(119,'\0','\0','\0','\0','\0','\0','1994-01-01 00:00:00','','\0','\0','\0','\0','\0','\0','\0','\0','\0','Maya Lin: A Strong Clear Vision (1994)','\0','\0','\0'),(120,'\0','\0','\0','\0','','','1996-06-28 00:00:00','\0','\0','\0','\0','\0','\0','\0','\0','\0','\0','Striptease (1996)','\0','\0','\0'),(121,'','\0','\0','\0','\0','\0','1996-07-03 00:00:00','\0','\0','\0','\0','\0','\0','\0','\0','','\0','Independence Day (ID4) (1996)','\0','','\0'),(122,'\0','\0','\0','\0','','\0','1996-06-14 00:00:00','\0','\0','\0','\0','\0','\0','\0','\0','\0','\0','\"Cable Guy, The (1996)\"','\0','\0','\0'),(123,'\0','\0','\0','\0','','\0','1996-07-19 00:00:00','\0','\0','\0','\0','','\0','\0','\0','\0','\0','\"Frighteners, The (1996)\"','\0','\0','\0'),(124,'\0','\0','\0','\0','\0','\0','1996-06-21 00:00:00','\0','','\0','\0','\0','\0','','\0','\0','\0','Lone Star (1996)','\0','\0','\0'),(125,'\0','\0','\0','\0','\0','\0','1996-06-29 00:00:00','\0','','\0','\0','\0','\0','\0','','\0','\0','Phenomenon (1996)','\0','\0','\0'),(126,'\0','\0','\0','\0','\0','\0','1996-09-06 00:00:00','\0','','\0','\0','\0','\0','\0','\0','\0','\0','\"Spitfire Grill, The (1996)\"','\0','\0','\0'),(127,'','\0','\0','\0','\0','','1972-01-01 00:00:00','\0','','\0','\0','\0','\0','\0','\0','\0','\0','\"Godfather, The (1972)\"','\0','\0','\0'),(128,'','\0','\0','\0','\0','\0','1996-07-26 00:00:00','\0','\0','\0','\0','\0','\0','\0','\0','\0','','Supercop (1992)','\0','\0','\0'),(129,'\0','\0','\0','\0','\0','','1996-10-04 00:00:00','\0','','\0','\0','\0','\0','\0','','\0','','Bound (1996)','\0','\0','\0'),(130,'\0','\0','\0','\0','\0','','1996-08-16 00:00:00','\0','\0','\0','\0','\0','\0','\0','\0','\0','\0','Kansas City (1996)','\0','\0','\0'),(131,'\0','\0','\0','\0','\0','\0','1961-01-01 00:00:00','\0','','\0','\0','\0','\0','\0','','\0','\0','Breakfast at Tiffany\'s (1961)','\0','\0','\0'),(132,'\0','','\0','','\0','\0','1939-01-01 00:00:00','\0','','\0','\0','\0','','\0','\0','\0','\0','\"Wizard of Oz, The (1939)\"','\0','\0','\0'),(133,'\0','\0','\0','\0','\0','\0','1939-01-01 00:00:00','\0','','\0','\0','\0','\0','\0','','\0','\0','Gone with the Wind (1939)','\0','','\0'),(134,'\0','\0','\0','\0','\0','\0','1941-01-01 00:00:00','\0','','\0','\0','\0','\0','\0','\0','\0','\0','Citizen Kane (1941)','\0','\0','\0'),(135,'\0','\0','\0','\0','\0','\0','1968-01-01 00:00:00','\0','','\0','\0','\0','\0','','\0','','','2001: A Space Odyssey (1968)','\0','\0','\0'),(136,'\0','\0','\0','\0','\0','\0','1939-01-01 00:00:00','\0','','\0','\0','\0','\0','\0','\0','\0','\0','Mr. Smith Goes to Washington (1939)','\0','\0','\0'),(137,'\0','\0','\0','\0','\0','\0','1996-09-20 00:00:00','\0','','\0','\0','\0','\0','\0','\0','\0','\0','Big Night (1996)','\0','\0','\0'),(138,'\0','\0','\0','','','\0','1996-10-04 00:00:00','\0','\0','\0','\0','\0','\0','\0','\0','\0','\0','D3: The Mighty Ducks (1996)','\0','\0','\0'),(139,'\0','\0','\0','','','\0','1969-01-01 00:00:00','\0','\0','\0','\0','\0','\0','\0','\0','\0','\0','\"Love Bug, The (1969)\"','\0','\0','\0'),(140,'\0','','\0','','\0','\0','1993-01-01 00:00:00','\0','\0','\0','\0','\0','\0','\0','\0','\0','\0','Homeward Bound: The Incredible Journey (1993)','\0','\0','\0'),(141,'\0','','\0','','\0','\0','1954-01-01 00:00:00','\0','\0','','\0','\0','\0','\0','\0','','\0','\"20,000 Leagues Under the Sea (1954)\"','\0','\0','\0'),(142,'\0','','\0','','\0','\0','1971-01-01 00:00:00','\0','\0','\0','\0','\0','','\0','\0','\0','\0','Bedknobs and Broomsticks (1971)','\0','\0','\0'),(143,'\0','\0','\0','\0','\0','\0','1965-01-01 00:00:00','\0','\0','\0','\0','\0','','\0','\0','\0','\0','\"Sound of Music, The (1965)\"','\0','\0','\0'),(144,'','\0','\0','\0','\0','\0','1988-01-01 00:00:00','\0','\0','\0','\0','\0','\0','\0','\0','\0','','Die Hard (1988)','\0','\0','\0'),(145,'','\0','\0','\0','\0','\0','1992-01-01 00:00:00','\0','\0','\0','\0','\0','\0','\0','\0','','','\"Lawnmower Man, The (1992)\"','\0','\0','\0'),(146,'\0','\0','\0','\0','\0','\0','1996-10-30 00:00:00','\0','','\0','\0','\0','\0','\0','\0','\0','\0','Unhook the Stars (1996)','\0','\0','\0'),(147,'','\0','\0','\0','\0','\0','1996-10-05 00:00:00','\0','\0','\0','\0','\0','\0','\0','\0','\0','','\"Long Kiss Goodnight, The (1996)\"','\0','\0','\0'),(148,'','','\0','\0','\0','\0','1996-10-11 00:00:00','\0','\0','\0','\0','\0','\0','\0','\0','\0','\0','\"Ghost and the Darkness, The (1996)\"','\0','\0','\0'),(149,'\0','\0','\0','\0','\0','\0','1996-11-01 00:00:00','\0','','\0','\0','\0','\0','\0','\0','\0','\0','Jude (1996)','\0','\0','\0'),(150,'\0','\0','\0','\0','','\0','1996-10-18 00:00:00','\0','','\0','\0','\0','\0','\0','\0','\0','\0','Swingers (1996)','\0','\0','\0'),(151,'\0','','\0','','','\0','1971-01-01 00:00:00','\0','\0','\0','\0','\0','\0','\0','\0','\0','\0','Willy Wonka and the Chocolate Factory (1971)','\0','\0','\0'),(152,'\0','\0','\0','\0','','\0','1973-01-01 00:00:00','\0','\0','\0','\0','\0','\0','\0','\0','','\0','Sleeper (1973)','\0','\0','\0'),(153,'\0','\0','\0','\0','','\0','1988-01-01 00:00:00','\0','\0','\0','\0','\0','\0','\0','\0','\0','\0','\"Fish Called Wanda, A (1988)\"','\0','\0','\0'),(154,'\0','\0','\0','\0','','\0','1979-01-01 00:00:00','\0','\0','\0','\0','\0','\0','\0','\0','\0','\0','Monty Python\'s Life of Brian (1979)','\0','\0','\0'),(155,'\0','\0','\0','\0','\0','\0','1987-01-01 00:00:00','\0','\0','\0','\0','\0','','\0','','\0','\0','Dirty Dancing (1987)','\0','\0','\0'),(156,'\0','\0','\0','\0','\0','','1992-01-01 00:00:00','\0','\0','\0','\0','\0','\0','\0','\0','\0','','Reservoir Dogs (1992)','\0','\0','\0'),(157,'\0','\0','\0','\0','\0','\0','1986-01-01 00:00:00','\0','','\0','\0','\0','\0','\0','\0','\0','\0','Platoon (1986)','\0','','\0'),(158,'\0','\0','\0','\0','','\0','1989-01-01 00:00:00','\0','\0','\0','\0','\0','\0','\0','\0','\0','\0','Weekend at Bernie\'s (1989)','\0','\0','\0'),(159,'\0','\0','\0','\0','\0','\0','1992-01-01 00:00:00','\0','\0','\0','\0','\0','\0','','\0','\0','','Basic Instinct (1992)','\0','\0','\0'),(160,'\0','\0','\0','\0','\0','\0','1992-01-01 00:00:00','\0','','\0','\0','\0','\0','\0','\0','\0','\0','Glengarry Glen Ross (1992)','\0','\0','\0'),(161,'','\0','\0','\0','\0','\0','1986-01-01 00:00:00','\0','\0','\0','\0','\0','\0','\0','','\0','\0','Top Gun (1986)','\0','\0','\0'),(162,'\0','\0','\0','\0','\0','\0','1981-01-01 00:00:00','\0','','\0','\0','\0','\0','\0','\0','\0','\0','On Golden Pond (1981)','\0','\0','\0'),(163,'\0','\0','\0','\0','','\0','1974-01-01 00:00:00','\0','\0','\0','\0','\0','\0','\0','\0','\0','\0','\"Return of the Pink Panther, The (1974)\"','\0','\0','\0'),(164,'','','\0','\0','\0','\0','1989-01-01 00:00:00','\0','\0','\0','\0','\0','\0','\0','\0','','','\"Abyss, The (1989)\"','\0','\0','\0'),(165,'\0','\0','\0','\0','\0','\0','1986-01-01 00:00:00','\0','','\0','\0','\0','\0','\0','\0','\0','\0','Jean de Florette (1986)','\0','\0','\0'),(166,'\0','\0','\0','\0','\0','\0','1986-01-01 00:00:00','\0','','\0','\0','\0','\0','\0','\0','\0','\0','Manon of the Spring (Manon des sources) (1986)','\0','\0','\0'),(167,'\0','\0','\0','\0','','\0','1980-01-01 00:00:00','\0','\0','\0','\0','\0','\0','\0','\0','\0','\0','Private Benjamin (1980)','\0','\0','\0'),(168,'\0','\0','\0','\0','','\0','1974-01-01 00:00:00','\0','\0','\0','\0','\0','\0','\0','\0','\0','\0','Monty Python and the Holy Grail (1974)','\0','\0','\0'),(169,'\0','\0','','\0','','\0','1993-01-01 00:00:00','\0','\0','\0','\0','\0','\0','\0','\0','\0','\0','\"Wrong Trousers, The (1993)\"','\0','\0','\0'),(170,'\0','\0','\0','\0','','\0','1988-01-01 00:00:00','\0','','\0','\0','\0','\0','\0','','\0','\0','Cinema Paradiso (1988)','\0','\0','\0'),(171,'\0','\0','\0','\0','','\0','1991-01-01 00:00:00','\0','\0','\0','\0','\0','\0','\0','\0','','\0','Delicatessen (1991)','\0','\0','\0'),(172,'','','\0','\0','\0','\0','1980-01-01 00:00:00','\0','','\0','\0','\0','\0','\0','','','\0','\"Empire Strikes Back, The (1980)\"','\0','','\0'),(173,'','','\0','\0','','\0','1987-01-01 00:00:00','\0','\0','\0','\0','\0','\0','\0','','\0','\0','\"Princess Bride, The (1987)\"','\0','\0','\0'),(174,'','','\0','\0','\0','\0','1981-01-01 00:00:00','\0','\0','\0','\0','\0','\0','\0','\0','\0','\0','Raiders of the Lost Ark (1981)','\0','\0','\0'),(175,'\0','\0','\0','\0','\0','\0','1985-01-01 00:00:00','\0','\0','\0','\0','\0','\0','\0','\0','','\0','Brazil (1985)','\0','\0','\0'),(176,'','\0','\0','\0','\0','\0','1986-01-01 00:00:00','\0','\0','\0','\0','\0','\0','\0','\0','','','Aliens (1986)','\0','','\0'),(177,'','\0','\0','\0','\0','\0','1966-01-01 00:00:00','\0','\0','\0','\0','\0','\0','\0','\0','\0','\0','\"Good, The Bad and The Ugly, The (1966)\"','\0','\0',''),(178,'\0','\0','\0','\0','\0','\0','1957-01-01 00:00:00','\0','','\0','\0','\0','\0','\0','\0','\0','\0','12 Angry Men (1957)','\0','\0','\0'),(179,'\0','\0','\0','\0','\0','\0','1971-01-01 00:00:00','\0','\0','\0','\0','\0','\0','\0','\0','','\0','\"Clockwork Orange, A (1971)\"','\0','\0','\0'),(180,'\0','\0','\0','\0','\0','\0','1979-01-01 00:00:00','\0','','\0','\0','\0','\0','\0','\0','\0','\0','Apocalypse Now (1979)','\0','','\0'),(181,'','','\0','\0','\0','\0','1997-03-14 00:00:00','\0','\0','\0','\0','\0','\0','\0','','','\0','Return of the Jedi (1983)','\0','','\0'),(182,'\0','\0','\0','\0','\0','','1990-01-01 00:00:00','\0','','\0','\0','\0','\0','\0','\0','\0','\0','GoodFellas (1990)','\0','\0','\0'),(183,'','\0','\0','\0','\0','\0','1979-01-01 00:00:00','\0','\0','\0','\0','','\0','\0','\0','','','Alien (1979)','\0','\0','\0'),(184,'','','\0','\0','','\0','1993-01-01 00:00:00','\0','\0','\0','\0','','\0','\0','\0','','\0','Army of Darkness (1993)','\0','\0','\0'),(185,'\0','\0','\0','\0','\0','\0','1960-01-01 00:00:00','\0','\0','\0','\0','','\0','\0','','\0','','Psycho (1960)','\0','\0','\0'),(186,'','\0','\0','\0','','\0','1980-01-01 00:00:00','\0','\0','\0','\0','\0','','\0','\0','\0','\0','\"Blues Brothers, The (1980)\"','\0','\0','\0'),(187,'','\0','\0','\0','\0','','1974-01-01 00:00:00','\0','','\0','\0','\0','\0','\0','\0','\0','\0','\"Godfather: Part II, The (1974)\"','\0','\0','\0'),(188,'','\0','\0','\0','\0','\0','1987-01-01 00:00:00','\0','','\0','\0','\0','\0','\0','\0','\0','\0','Full Metal Jacket (1987)','\0','','\0'),(189,'\0','\0','','\0','','\0','1992-01-01 00:00:00','\0','\0','\0','\0','\0','\0','\0','\0','\0','\0','\"Grand Day Out, A (1992)\"','\0','\0','\0'),(190,'\0','\0','\0','\0','\0','\0','1989-01-01 00:00:00','\0','','\0','\0','\0','\0','\0','\0','\0','\0','Henry V (1989)','\0','','\0'),(191,'\0','\0','\0','\0','\0','\0','1984-01-01 00:00:00','\0','','\0','\0','\0','\0','','\0','\0','\0','Amadeus (1984)','\0','\0','\0'),(192,'\0','\0','\0','\0','\0','\0','1980-01-01 00:00:00','\0','','\0','\0','\0','\0','\0','\0','\0','\0','Raging Bull (1980)','\0','\0','\0'),(193,'\0','\0','\0','\0','\0','\0','1983-01-01 00:00:00','\0','','\0','\0','\0','\0','\0','\0','\0','\0','\"Right Stuff, The (1983)\"','\0','\0','\0'),(194,'\0','\0','\0','\0','','','1973-01-01 00:00:00','\0','\0','\0','\0','\0','\0','\0','\0','\0','\0','\"Sting, The (1973)\"','\0','\0','\0'),(195,'','\0','\0','\0','\0','\0','1984-01-01 00:00:00','\0','\0','\0','\0','\0','\0','\0','\0','','','\"Terminator, The (1984)\"','\0','\0','\0'),(196,'\0','\0','\0','\0','\0','\0','1989-01-01 00:00:00','\0','','\0','\0','\0','\0','\0','\0','\0','\0','Dead Poets Society (1989)','\0','\0','\0'),(197,'\0','\0','\0','\0','\0','\0','1967-01-01 00:00:00','\0','','\0','\0','\0','\0','\0','','\0','\0','\"Graduate, The (1967)\"','\0','\0','\0'),(198,'\0','\0','\0','\0','\0','\0','1990-01-01 00:00:00','\0','\0','\0','\0','\0','\0','\0','\0','\0','','Nikita (La Femme Nikita) (1990)','\0','\0','\0'),(199,'\0','\0','\0','\0','\0','\0','1957-01-01 00:00:00','\0','','\0','\0','\0','\0','\0','\0','\0','\0','\"Bridge on the River Kwai, The (1957)\"','\0','','\0'),(200,'\0','\0','\0','\0','\0','\0','1980-01-01 00:00:00','\0','\0','\0','\0','','\0','\0','\0','\0','\0','\"Shining, The (1980)\"','\0','\0','\0'),(201,'','','\0','\0','','\0','1987-01-01 00:00:00','\0','\0','\0','\0','','\0','\0','\0','\0','\0','Evil Dead II (1987)','\0','\0','\0'),(202,'\0','\0','\0','\0','','\0','1993-01-01 00:00:00','\0','\0','\0','\0','\0','\0','\0','','\0','\0','Groundhog Day (1993)','\0','\0','\0'),(203,'\0','\0','\0','\0','\0','\0','1992-01-01 00:00:00','\0','\0','\0','\0','\0','\0','\0','\0','\0','\0','Unforgiven (1992)','\0','\0',''),(204,'\0','\0','\0','\0','','\0','1985-01-01 00:00:00','\0','\0','\0','\0','\0','\0','\0','\0','','\0','Back to the Future (1985)','\0','\0','\0'),(205,'\0','\0','\0','\0','\0','\0','1970-01-01 00:00:00','\0','','\0','\0','\0','\0','\0','\0','\0','\0','Patton (1970)','\0','','\0'),(206,'\0','','','\0','\0','\0','1988-01-01 00:00:00','\0','\0','\0','\0','\0','\0','\0','\0','','','Akira (1988)','\0','\0','\0'),(207,'','\0','\0','\0','\0','\0','1990-01-01 00:00:00','\0','','\0','\0','\0','\0','\0','','\0','\0','Cyrano de Bergerac (1990)','\0','\0','\0'),(208,'\0','\0','\0','\0','','\0','1974-01-01 00:00:00','\0','\0','\0','\0','','\0','\0','\0','\0','\0','Young Frankenstein (1974)','\0','\0','\0'),(209,'\0','\0','\0','\0','','\0','1984-01-01 00:00:00','\0','','\0','\0','\0','','\0','\0','\0','\0','This Is Spinal Tap (1984)','\0','\0','\0'),(210,'','','\0','\0','\0','\0','1989-01-01 00:00:00','\0','\0','\0','\0','\0','\0','\0','\0','\0','\0','Indiana Jones and the Last Crusade (1989)','\0','\0','\0'),(211,'\0','\0','\0','\0','','\0','1970-01-01 00:00:00','\0','\0','\0','\0','\0','\0','\0','\0','\0','\0','M*A*S*H (1970)','\0','','\0'),(212,'\0','\0','\0','\0','\0','\0','1988-01-01 00:00:00','\0','','\0','\0','\0','\0','\0','\0','\0','\0','\"Unbearable Lightness of Being, The (1988)\"','\0','\0','\0'),(213,'\0','\0','\0','\0','\0','\0','1986-01-01 00:00:00','\0','','\0','\0','\0','\0','\0','','\0','\0','\"Room with a View, A (1986)\"','\0','\0','\0'),(214,'\0','\0','\0','\0','\0','\0','1982-01-01 00:00:00','\0','','\0','\0','\0','','\0','\0','\0','\0','Pink Floyd - The Wall (1982)','\0','','\0'),(215,'\0','\0','\0','\0','\0','\0','1989-01-01 00:00:00','\0','','\0','\0','\0','\0','\0','\0','\0','\0','Field of Dreams (1989)','\0','\0','\0'),(216,'\0','\0','\0','\0','','\0','1989-01-01 00:00:00','\0','\0','\0','\0','\0','\0','\0','','\0','\0','When Harry Met Sally... (1989)','\0','\0','\0'),(217,'\0','\0','\0','\0','\0','\0','1992-01-01 00:00:00','\0','\0','\0','\0','','\0','\0','','\0','\0','Bram Stoker\'s Dracula (1992)','\0','\0','\0'),(218,'\0','\0','\0','\0','\0','\0','1991-01-01 00:00:00','\0','\0','\0','\0','\0','\0','\0','\0','\0','','Cape Fear (1991)','\0','\0','\0'),(219,'\0','\0','\0','\0','\0','\0','1984-01-01 00:00:00','\0','\0','\0','\0','','\0','\0','\0','\0','\0','\"Nightmare on Elm Street, A (1984)\"','\0','\0','\0'),(220,'\0','\0','\0','\0','','\0','1996-11-15 00:00:00','\0','\0','\0','\0','\0','\0','\0','','\0','\0','\"Mirror Has Two Faces, The (1996)\"','\0','\0','\0'),(221,'\0','\0','\0','\0','\0','\0','1996-11-15 00:00:00','\0','','\0','\0','\0','\0','\0','\0','\0','\0','Breaking the Waves (1996)','\0','\0','\0'),(222,'','','\0','\0','\0','\0','1996-11-22 00:00:00','\0','\0','\0','\0','\0','\0','\0','\0','','\0','Star Trek: First Contact (1996)','\0','\0','\0'),(223,'\0','\0','\0','\0','\0','\0','1996-11-22 00:00:00','\0','','\0','\0','\0','\0','\0','\0','\0','','Sling Blade (1996)','\0','\0','\0'),(224,'\0','\0','\0','\0','\0','\0','1996-11-27 00:00:00','\0','','\0','\0','\0','\0','\0','\0','\0','\0','Ridicule (1996)','\0','\0','\0'),(225,'\0','\0','\0','','','\0','1996-11-27 00:00:00','\0','\0','\0','\0','\0','\0','\0','\0','\0','\0','101 Dalmatians (1996)','\0','\0','\0'),(226,'','\0','\0','\0','\0','\0','1990-01-01 00:00:00','\0','\0','\0','\0','\0','\0','\0','\0','\0','','Die Hard 2 (1990)','\0','\0','\0'),(227,'','','\0','\0','\0','\0','1991-01-01 00:00:00','\0','\0','\0','\0','\0','\0','\0','\0','','\0','Star Trek VI: The Undiscovered Country (1991)','\0','\0','\0'),(228,'','','\0','\0','\0','\0','1982-01-01 00:00:00','\0','\0','\0','\0','\0','\0','\0','\0','','\0','Star Trek: The Wrath of Khan (1982)','\0','\0','\0'),(229,'','','\0','\0','\0','\0','1984-01-01 00:00:00','\0','\0','\0','\0','\0','\0','\0','\0','','\0','Star Trek III: The Search for Spock (1984)','\0','\0','\0'),(230,'','','\0','\0','\0','\0','1986-01-01 00:00:00','\0','\0','\0','\0','\0','\0','\0','\0','','\0','Star Trek IV: The Voyage Home (1986)','\0','\0','\0'),(231,'','','\0','\0','','','1992-01-01 00:00:00','\0','\0','\0','\0','\0','\0','\0','\0','\0','\0','Batman Returns (1992)','\0','\0','\0'),(232,'','\0','\0','\0','','\0','1988-01-01 00:00:00','\0','\0','\0','\0','\0','\0','\0','\0','\0','\0','Young Guns (1988)','\0','\0',''),(233,'','\0','\0','\0','\0','\0','1992-01-01 00:00:00','\0','\0','\0','\0','\0','\0','\0','\0','\0','\0','Under Siege (1992)','\0','\0','\0'),(234,'','\0','\0','\0','\0','\0','1975-01-01 00:00:00','\0','\0','\0','\0','','\0','\0','\0','\0','\0','Jaws (1975)','\0','\0','\0'),(235,'','\0','\0','\0','','\0','1996-12-13 00:00:00','\0','\0','\0','\0','\0','\0','\0','\0','','\0','Mars Attacks! (1996)','\0','','\0'),(236,'\0','\0','\0','\0','','\0','1996-12-13 00:00:00','\0','','\0','\0','\0','\0','\0','\0','\0','\0','Citizen Ruth (1996)','\0','\0','\0'),(237,'\0','\0','\0','\0','\0','\0','1996-12-13 00:00:00','\0','','\0','\0','\0','\0','\0','','\0','\0','Jerry Maguire (1996)','\0','\0','\0'),(238,'\0','\0','\0','\0','','\0','1987-01-01 00:00:00','\0','\0','\0','\0','\0','\0','\0','\0','\0','\0','Raising Arizona (1987)','\0','\0','\0'),(239,'\0','\0','\0','\0','\0','','1992-01-01 00:00:00','\0','','\0','\0','\0','\0','\0','\0','','\0','Sneakers (1992)','\0','\0','\0'),(240,'\0','\0','','\0','','\0','1996-12-20 00:00:00','\0','\0','\0','\0','\0','\0','\0','\0','\0','\0','Beavis and Butt-head Do America (1996)','\0','\0','\0'),(241,'','\0','\0','\0','\0','\0','1992-01-01 00:00:00','\0','\0','\0','\0','\0','\0','\0','','\0','\0','\"Last of the Mohicans, The (1992)\"','\0','','\0'),(242,'\0','\0','\0','\0','','\0','1997-01-24 00:00:00','\0','\0','\0','\0','\0','\0','\0','\0','\0','\0','Kolya (1996)','\0','\0','\0'),(243,'\0','\0','\0','','','\0','1997-03-07 00:00:00','\0','\0','\0','\0','\0','\0','\0','\0','\0','\0','Jungle2Jungle (1997)','\0','\0','\0'),(244,'','\0','\0','\0','\0','\0','1997-03-14 00:00:00','\0','','\0','\0','\0','\0','\0','\0','\0','','Smilla\'s Sense of Snow (1997)','\0','\0','\0'),(245,'','\0','\0','\0','\0','\0','1997-03-26 00:00:00','\0','','\0','\0','\0','\0','\0','\0','\0','','\"Devil\'s Own, The (1997)\"','\0','','\0'),(246,'\0','\0','\0','\0','\0','\0','1997-01-01 00:00:00','\0','','\0','\0','\0','\0','\0','','\0','\0','Chasing Amy (1997)','\0','\0','\0'),(247,'','','\0','','\0','\0','1997-03-28 00:00:00','\0','\0','\0','\0','\0','\0','\0','\0','\0','\0','Turbo: A Power Rangers Movie (1997)','\0','\0','\0'),(248,'\0','\0','\0','\0','','','1997-04-11 00:00:00','\0','\0','\0','\0','\0','\0','\0','\0','\0','\0','Grosse Pointe Blank (1997)','\0','\0','\0'),(249,'\0','\0','\0','\0','','\0','1997-05-02 00:00:00','\0','\0','\0','\0','\0','\0','\0','\0','\0','\0','Austin Powers: International Man of Mystery (1997)','\0','\0','\0'),(250,'','\0','\0','\0','\0','\0','1997-05-09 00:00:00','\0','\0','\0','\0','\0','\0','\0','\0','','\0','\"Fifth Element, The (1997)\"','\0','\0','\0');
/*!40000 ALTER TABLE `movie` ENABLE KEYS */;
UNLOCK TABLES;

--
-- Table structure for table `rating`
--

DROP TABLE IF EXISTS `rating`;
/*!40101 SET @saved_cs_client     = @@character_set_client */;
/*!40101 SET character_set_client = utf8 */;
CREATE TABLE `rating` (
  `id` bigint(20) NOT NULL,
  `date` datetime DEFAULT NULL,
  `rate` int(11) DEFAULT NULL,
  `mid` bigint(20) DEFAULT NULL,
  `uid` bigint(20) DEFAULT NULL,
  PRIMARY KEY (`id`),
  KEY `FKj0hm2redfd8ia01t608901q8d` (`mid`),
  KEY `FKt7utwdbe2dhrxl8vfp1gmbfgp` (`uid`),
  CONSTRAINT `FKj0hm2redfd8ia01t608901q8d` FOREIGN KEY (`mid`) REFERENCES `movie` (`id`),
  CONSTRAINT `FKt7utwdbe2dhrxl8vfp1gmbfgp` FOREIGN KEY (`uid`) REFERENCES `user` (`id`)
) ENGINE=InnoDB DEFAULT CHARSET=latin1;
/*!40101 SET character_set_client = @saved_cs_client */;

--
-- Dumping data for table `rating`
--

LOCK TABLES `rating` WRITE;
/*!40000 ALTER TABLE `rating` DISABLE KEYS */;
INSERT INTO `rating` VALUES (1,NULL,2,27,1),(2,NULL,5,57,1),(3,NULL,3,62,1),(4,NULL,5,113,1),(5,NULL,4,76,1),(6,NULL,4,132,1),(7,NULL,5,1,1),(8,NULL,3,49,1),(9,NULL,1,112,1),(10,NULL,5,96,1),(11,NULL,4,65,1),(12,NULL,4,77,1),(13,NULL,1,29,1),(14,NULL,5,14,1),(15,NULL,3,2,1),(16,NULL,5,82,1),(17,NULL,4,58,1),(18,NULL,3,125,1),(19,NULL,3,122,1),(20,NULL,3,24,1),(21,NULL,4,43,1),(22,NULL,4,23,1),(23,NULL,5,114,1),(24,NULL,5,108,1),(25,NULL,5,32,1),(26,NULL,2,36,1),(27,NULL,5,9,1),(28,NULL,1,103,1),(29,NULL,2,11,1),(30,NULL,3,38,1),(31,NULL,4,107,1),(32,NULL,4,79,1),(33,NULL,3,10,1),(34,NULL,2,37,1),(35,NULL,3,31,1),(36,NULL,5,50,1),(37,NULL,5,81,1),(38,NULL,4,72,1),(39,NULL,5,60,1),(40,NULL,5,91,1),(41,NULL,3,73,1),(42,NULL,4,66,1),(43,NULL,4,56,1),(44,NULL,1,78,1),(45,NULL,4,146,1),(46,NULL,3,117,1),(47,NULL,3,97,1),(48,NULL,5,15,1),(49,NULL,3,147,1),(50,NULL,5,129,1),(51,NULL,3,30,1),(52,NULL,3,99,1),(53,NULL,3,116,1),(54,NULL,5,127,1),(55,NULL,2,145,1),(56,NULL,2,148,1),(57,NULL,3,54,1),(58,NULL,4,90,1),(59,NULL,5,150,1),(60,NULL,3,70,1),(61,NULL,4,52,1),(62,NULL,2,94,1),(63,NULL,3,53,1),(64,NULL,3,67,1),(65,NULL,4,20,1),(66,NULL,3,141,1),(67,NULL,5,100,1),(68,NULL,3,92,1),(69,NULL,1,110,1),(70,NULL,5,86,1),(71,NULL,4,134,1),(72,NULL,4,68,1),(73,NULL,4,135,1),(74,NULL,1,74,1),(75,NULL,5,119,1),(76,NULL,1,104,1),(77,NULL,4,47,1),(78,NULL,2,105,1),(79,NULL,3,118,1),(80,NULL,1,8,1),(81,NULL,3,5,1),(82,NULL,5,115,1),(83,NULL,4,133,1),(84,NULL,2,102,1),(85,NULL,5,6,1),(86,NULL,4,75,1),(87,NULL,3,26,1),(88,NULL,5,111,1),(89,NULL,5,124,1),(90,NULL,4,22,1),(91,NULL,4,144,1),(92,NULL,4,128,1),(93,NULL,5,55,1),(94,NULL,2,41,1),(95,NULL,3,40,1),(96,NULL,3,4,1),(97,NULL,2,101,1),(98,NULL,1,140,1),(99,NULL,4,51,1),(100,NULL,4,121,1),(101,NULL,5,89,1),(102,NULL,4,3,1),(103,NULL,4,28,1),(104,NULL,5,64,1),(105,NULL,4,123,1),(106,NULL,3,71,1),(107,NULL,3,85,1),(108,NULL,5,137,1),(109,NULL,4,95,1),(110,NULL,3,139,1),(111,NULL,2,142,1),(112,NULL,5,42,1),(113,NULL,5,44,1),(114,NULL,1,143,1),(115,NULL,5,13,1),(116,NULL,2,149,1),(117,NULL,3,136,1),(118,NULL,5,19,1),(119,NULL,5,59,1),(120,NULL,4,33,1),(121,NULL,5,48,1),(122,NULL,3,17,1),(123,NULL,4,7,1),(124,NULL,5,12,1),(125,NULL,4,88,1),(126,NULL,1,138,1),(127,NULL,4,98,1),(128,NULL,5,87,1),(129,NULL,4,39,1),(130,NULL,2,126,1),(131,NULL,2,34,1),(132,NULL,4,61,1),(133,NULL,4,80,1),(134,NULL,4,84,1),(135,NULL,4,18,1),(136,NULL,5,109,1),(137,NULL,1,21,1),(138,NULL,2,63,1),(139,NULL,3,69,1),(140,NULL,1,131,1),(141,NULL,1,120,1),(142,NULL,3,83,1),(143,NULL,1,35,1),(144,NULL,5,45,1),(145,NULL,4,46,1),(146,NULL,4,25,2),(147,NULL,5,100,2),(148,NULL,4,13,2),(149,NULL,3,19,2),(150,NULL,4,14,2),(151,NULL,4,111,2),(152,NULL,5,127,2),(153,NULL,2,10,2),(154,NULL,5,50,2),(155,NULL,4,11,4),(156,NULL,5,50,4),(157,NULL,3,25,5),(158,NULL,4,1,5),(159,NULL,1,110,5),(160,NULL,4,29,5),(161,NULL,3,2,5),(162,NULL,4,24,5),(163,NULL,4,62,5),(164,NULL,3,79,5),(165,NULL,4,50,5),(166,NULL,5,42,5),(167,NULL,3,99,5),(168,NULL,1,145,5),(169,NULL,3,90,5),(170,NULL,4,70,5),(171,NULL,3,94,5),(172,NULL,5,100,5),(173,NULL,4,95,5),(174,NULL,3,105,5),(175,NULL,3,144,5),(176,NULL,3,102,5),(177,NULL,1,66,5),(178,NULL,5,101,5),(179,NULL,4,121,5),(180,NULL,5,89,5),(181,NULL,3,139,5),(182,NULL,4,135,5),(183,NULL,3,143,5),(184,NULL,4,40,5),(185,NULL,4,17,5),(186,NULL,3,98,5),(187,NULL,2,80,5),(188,NULL,5,109,5),(189,NULL,3,21,5),(190,NULL,1,63,5),(191,NULL,1,69,5),(192,NULL,3,47,6),(193,NULL,5,132,6),(194,NULL,4,1,6),(195,NULL,5,14,6),(196,NULL,3,125,6),(197,NULL,4,23,6),(198,NULL,4,32,6),(199,NULL,4,9,6),(200,NULL,3,79,6),(201,NULL,4,50,6),(202,NULL,4,56,6),(203,NULL,2,117,6),(204,NULL,3,15,6),(205,NULL,4,81,6),(206,NULL,3,70,6),(207,NULL,2,95,6),(208,NULL,3,86,6),(209,NULL,5,134,6),(210,NULL,5,127,6),(211,NULL,4,133,6),(212,NULL,2,111,6),(213,NULL,5,124,6),(214,NULL,5,137,6),(215,NULL,3,22,6),(216,NULL,4,89,6),(217,NULL,2,28,6),(218,NULL,4,64,6),(219,NULL,5,135,6),(220,NULL,2,143,6),(221,NULL,3,69,6),(222,NULL,5,136,6),(223,NULL,4,19,6),(224,NULL,5,100,6),(225,NULL,5,59,6),(226,NULL,2,13,6),(227,NULL,2,7,6),(228,NULL,4,12,6),(229,NULL,5,98,6),(230,NULL,4,87,6),(231,NULL,4,8,6),(232,NULL,4,71,6),(233,NULL,3,21,6),(234,NULL,5,131,6),(235,NULL,3,25,7),(236,NULL,5,127,7),(237,NULL,3,23,7),(238,NULL,1,145,7),(239,NULL,3,11,7),(240,NULL,3,91,7),(241,NULL,5,99,7),(242,NULL,3,82,7),(243,NULL,5,144,7),(244,NULL,5,121,7),(245,NULL,5,135,7),(246,NULL,5,72,7),(247,NULL,4,80,7),(248,NULL,5,8,7),(249,NULL,5,69,7),(250,NULL,4,106,7),(251,NULL,5,93,7),(252,NULL,5,132,7),(253,NULL,5,77,7),(254,NULL,5,4,7),(255,NULL,3,62,7),(256,NULL,4,52,7),(257,NULL,5,50,7),(258,NULL,5,141,7),(259,NULL,5,22,7),(260,NULL,3,29,7),(261,NULL,5,81,7),(262,NULL,5,28,7),(263,NULL,5,100,7),(264,NULL,5,12,7),(265,NULL,4,98,7),(266,NULL,5,131,7),(267,NULL,3,126,7),(268,NULL,4,125,7),(269,NULL,4,32,7),(270,NULL,5,9,7),(271,NULL,4,79,7),(272,NULL,4,10,7),(273,NULL,4,31,7),(274,NULL,3,73,7),(275,NULL,3,78,7),(276,NULL,5,97,7),(277,NULL,4,27,7),(278,NULL,5,133,7),(279,NULL,5,101,7),(280,NULL,5,140,7),(281,NULL,2,51,7),(282,NULL,5,64,7),(283,NULL,5,71,7),(284,NULL,3,142,7),(285,NULL,5,44,7),(286,NULL,3,143,7),(287,NULL,5,136,7),(288,NULL,4,134,7),(289,NULL,5,7,7),(290,NULL,5,39,7),(291,NULL,5,47,7),(292,NULL,5,96,7),(293,NULL,3,54,7),(294,NULL,5,56,7),(295,NULL,2,118,7),(296,NULL,3,90,7),(297,NULL,1,70,7),(298,NULL,5,53,7),(299,NULL,5,92,7),(300,NULL,4,86,7),(301,NULL,4,68,7),(302,NULL,5,89,7),(303,NULL,3,139,7),(304,NULL,5,82,8),(305,NULL,5,56,8),(306,NULL,3,7,8),(307,NULL,5,144,8),(308,NULL,5,127,8),(309,NULL,5,22,8),(310,NULL,3,96,8),(311,NULL,5,55,8),(312,NULL,3,11,8),(313,NULL,4,89,8),(314,NULL,4,79,8),(315,NULL,5,50,8),(316,NULL,5,50,9),(317,NULL,5,6,9),(318,NULL,4,7,9),(319,NULL,4,93,10),(320,NULL,4,16,10),(321,NULL,5,132,10),(322,NULL,4,1,10),(323,NULL,4,4,10),(324,NULL,5,127,10),(325,NULL,5,23,10),(326,NULL,4,32,10),(327,NULL,4,9,10),(328,NULL,4,11,10),(329,NULL,5,50,10),(330,NULL,3,60,10),(331,NULL,5,56,10),(332,NULL,4,129,10),(333,NULL,5,99,10),(334,NULL,4,116,10),(335,NULL,4,70,10),(336,NULL,5,100,10),(337,NULL,5,134,10),(338,NULL,4,82,10),(339,NULL,5,133,10),(340,NULL,4,144,10),(341,NULL,5,124,10),(342,NULL,5,22,10),(343,NULL,4,64,10),(344,NULL,5,135,10),(345,NULL,4,85,10),(346,NULL,4,137,10),(347,NULL,3,13,10),(348,NULL,4,40,10),(349,NULL,4,59,10),(350,NULL,4,33,10),(351,NULL,4,48,10),(352,NULL,4,7,10),(353,NULL,5,12,10),(354,NULL,4,98,10),(355,NULL,4,69,10),(356,NULL,3,25,11),(357,NULL,4,47,11),(358,NULL,4,100,11),(359,NULL,3,94,11),(360,NULL,3,110,11),(361,NULL,3,58,11),(362,NULL,4,125,11),(363,NULL,3,24,11),(364,NULL,3,39,11),(365,NULL,5,9,11),(366,NULL,4,107,11),(367,NULL,4,79,11),(368,NULL,3,54,11),(369,NULL,2,11,11),(370,NULL,3,38,11),(371,NULL,4,56,11),(372,NULL,2,12,11),(373,NULL,4,97,11),(374,NULL,5,15,11),(375,NULL,2,90,11),(376,NULL,4,70,11),(377,NULL,3,52,11),(378,NULL,3,123,11),(379,NULL,4,86,11),(380,NULL,4,111,11),(381,NULL,4,22,11),(382,NULL,2,57,11),(383,NULL,3,29,11),(384,NULL,4,51,11),(385,NULL,3,121,11),(386,NULL,5,28,11),(387,NULL,4,135,11),(388,NULL,3,42,11),(389,NULL,3,40,11),(390,NULL,3,88,11),(391,NULL,2,98,11),(392,NULL,4,8,11),(393,NULL,3,109,11),(394,NULL,3,69,11),(395,NULL,5,83,11),(396,NULL,4,71,12),(397,NULL,4,82,12),(398,NULL,5,132,12),(399,NULL,5,143,12),(400,NULL,4,96,12),(401,NULL,5,97,12),(402,NULL,5,15,12),(403,NULL,4,133,12),(404,NULL,4,127,12),(405,NULL,5,88,12),(406,NULL,5,98,12),(407,NULL,5,4,12),(408,NULL,5,69,12),(409,NULL,5,28,12),(410,NULL,4,50,12),(411,NULL,3,92,13),(412,NULL,5,127,13),(413,NULL,5,23,13),(414,NULL,1,11,13),(415,NULL,3,38,13),(416,NULL,1,37,13),(417,NULL,5,50,13),(418,NULL,2,91,13),(419,NULL,4,42,13),(420,NULL,4,99,13),(421,NULL,3,45,13),(422,NULL,2,82,13),(423,NULL,4,71,13),(424,NULL,4,118,13),(425,NULL,1,5,13),(426,NULL,4,144,13),(427,NULL,5,111,13),(428,NULL,5,121,13),(429,NULL,5,135,13),(430,NULL,4,72,13),(431,NULL,5,33,13),(432,NULL,4,8,13),(433,NULL,3,21,13),(434,NULL,4,69,13),(435,NULL,2,83,13),(436,NULL,4,32,13),(437,NULL,5,4,13),(438,NULL,5,62,13),(439,NULL,4,60,13),(440,NULL,3,66,13),(441,NULL,4,88,13),(442,NULL,2,141,13),(443,NULL,4,22,13),(444,NULL,2,29,13),(445,NULL,5,28,13),(446,NULL,5,100,13),(447,NULL,5,48,13),(448,NULL,5,12,13),(449,NULL,3,147,13),(450,NULL,4,98,13),(451,NULL,3,110,13),(452,NULL,4,58,13),(453,NULL,1,24,13),(454,NULL,3,9,13),(455,NULL,3,79,13),(456,NULL,3,73,13),(457,NULL,1,78,13),(458,NULL,3,94,13),(459,NULL,4,97,13),(460,NULL,5,116,13),(461,NULL,5,150,13),(462,NULL,1,67,13),(463,NULL,5,95,13),(464,NULL,3,27,13),(465,NULL,5,124,13),(466,NULL,1,128,13),(467,NULL,3,51,13),(468,NULL,5,64,13),(469,NULL,1,143,13),(470,NULL,5,13,13),(471,NULL,1,138,13),(472,NULL,4,59,13),(473,NULL,1,17,13),(474,NULL,2,7,13),(475,NULL,5,87,13),(476,NULL,4,61,13),(477,NULL,3,1,13),(478,NULL,4,96,13),(479,NULL,4,14,13),(480,NULL,3,2,13),(481,NULL,3,39,13),(482,NULL,2,40,13),(483,NULL,5,56,13),(484,NULL,3,117,13),(485,NULL,2,145,13),(486,NULL,3,90,13),(487,NULL,3,70,13),(488,NULL,1,53,13),(489,NULL,1,86,13),(490,NULL,3,68,13),(491,NULL,5,137,13),(492,NULL,4,89,13),(493,NULL,4,109,13),(494,NULL,2,25,14),(495,NULL,3,93,14),(496,NULL,4,96,14),(497,NULL,3,14,14),(498,NULL,5,23,14),(499,NULL,5,32,14),(500,NULL,4,9,14),(501,NULL,5,50,14),(502,NULL,4,42,14),(503,NULL,5,56,14),(504,NULL,4,15,14),(505,NULL,5,116,14),(506,NULL,2,127,14),(507,NULL,1,70,14),(508,NULL,3,111,14),(509,NULL,5,124,14),(510,NULL,3,22,14),(511,NULL,3,121,14),(512,NULL,5,81,14),(513,NULL,4,13,14),(514,NULL,5,19,14),(515,NULL,5,100,14),(516,NULL,5,7,14),(517,NULL,5,12,14),(518,NULL,3,98,14),(519,NULL,3,18,14),(520,NULL,3,25,15),(521,NULL,1,1,15),(522,NULL,5,125,15),(523,NULL,4,9,15),(524,NULL,5,50,15),(525,NULL,1,7,15),(526,NULL,4,15,15),(527,NULL,2,127,15),(528,NULL,3,148,15),(529,NULL,3,20,15),(530,NULL,1,118,15),(531,NULL,4,14,15),(532,NULL,4,111,15),(533,NULL,3,121,15),(534,NULL,4,137,15),(535,NULL,1,13,15),(536,NULL,1,18,15),(537,NULL,5,1,16),(538,NULL,5,96,16),(539,NULL,4,58,16),(540,NULL,3,125,16),(541,NULL,5,69,16),(542,NULL,5,39,16),(543,NULL,5,4,16),(544,NULL,5,9,16),(545,NULL,5,11,16),(546,NULL,5,79,16),(547,NULL,5,31,16),(548,NULL,4,66,16),(549,NULL,5,56,16),(550,NULL,5,7,16),(551,NULL,5,76,16),(552,NULL,5,15,16),(553,NULL,5,99,16),(554,NULL,5,127,16),(555,NULL,4,70,16),(556,NULL,4,92,16),(557,NULL,5,95,16),(558,NULL,4,134,16),(559,NULL,2,27,16),(560,NULL,5,144,16),(561,NULL,5,22,16),(562,NULL,4,51,16),(563,NULL,5,55,16),(564,NULL,2,89,16),(565,NULL,5,28,16),(566,NULL,5,64,16),(567,NULL,4,135,16),(568,NULL,5,71,16),(569,NULL,5,143,16),(570,NULL,5,100,16),(571,NULL,2,33,16),(572,NULL,5,12,16),(573,NULL,5,98,16),(574,NULL,4,87,16),(575,NULL,5,8,16),(576,NULL,4,109,16),(577,NULL,4,137,17),(578,NULL,4,126,17),(579,NULL,4,1,17),(580,NULL,3,13,17),(581,NULL,3,117,17),(582,NULL,4,100,17),(583,NULL,1,125,17),(584,NULL,3,111,17),(585,NULL,4,7,17),(586,NULL,5,150,17),(587,NULL,3,9,17),(588,NULL,3,25,18),(589,NULL,4,131,18),(590,NULL,3,47,18),(591,NULL,5,113,18),(592,NULL,5,126,18),(593,NULL,5,1,18),(594,NULL,3,94,18),(595,NULL,4,23,18),(596,NULL,5,65,18),(597,NULL,5,14,18),(598,NULL,4,58,18),(599,NULL,3,125,18),(600,NULL,3,4,18),(601,NULL,5,9,18),(602,NULL,4,79,18),(603,NULL,4,50,18),(604,NULL,4,60,18),(605,NULL,3,91,18),(606,NULL,3,42,18),(607,NULL,3,66,18),(608,NULL,5,56,18),(609,NULL,5,132,18),(610,NULL,4,97,18),(611,NULL,4,15,18),(612,NULL,4,26,18),(613,NULL,5,99,18),(614,NULL,5,116,18),(615,NULL,5,127,18),(616,NULL,3,89,18),(617,NULL,3,81,18),(618,NULL,4,70,18),(619,NULL,5,52,18),(620,NULL,5,45,18),(621,NULL,4,95,18),(622,NULL,4,86,18),(623,NULL,5,134,18),(624,NULL,3,82,18),(625,NULL,5,133,18),(626,NULL,5,6,18),(627,NULL,3,111,18),(628,NULL,5,136,18),(629,NULL,5,22,18),(630,NULL,4,57,18),(631,NULL,3,28,18),(632,NULL,5,64,18),(633,NULL,3,135,18),(634,NULL,5,137,18),(635,NULL,4,142,18),(636,NULL,3,72,18),(637,NULL,3,69,18),(638,NULL,5,13,18),(639,NULL,3,19,18),(640,NULL,5,100,18),(641,NULL,4,59,18),(642,NULL,4,143,18),(643,NULL,4,48,18),(644,NULL,5,12,18),(645,NULL,3,88,18),(646,NULL,5,98,18),(647,NULL,2,32,18),(648,NULL,4,61,18),(649,NULL,5,8,18),(650,NULL,4,71,18),(651,NULL,5,83,18),(652,NULL,4,4,19),(653,NULL,5,8,19),(654,NULL,1,69,20),(655,NULL,4,82,20),(656,NULL,4,118,20),(657,NULL,3,1,20),(658,NULL,3,143,20),(659,NULL,2,94,20),(660,NULL,4,15,20),(661,NULL,2,144,20),(662,NULL,5,148,20),(663,NULL,5,22,20),(664,NULL,3,98,20),(665,NULL,5,87,20),(666,NULL,3,121,20),(667,NULL,2,11,20),(668,NULL,3,95,20),(669,NULL,3,50,20),(670,NULL,2,106,21),(671,NULL,5,1,21),(672,NULL,4,123,21),(673,NULL,5,9,21),(674,NULL,1,103,21),(675,NULL,3,50,21),(676,NULL,5,56,21),(677,NULL,5,7,21),(678,NULL,4,15,21),(679,NULL,4,129,21),(680,NULL,5,127,21),(681,NULL,1,145,21),(682,NULL,1,148,21),(683,NULL,4,53,21),(684,NULL,1,118,21),(685,NULL,2,5,21),(686,NULL,1,121,21),(687,NULL,5,100,21),(688,NULL,4,17,21),(689,NULL,5,98,21),(690,NULL,5,96,22),(691,NULL,1,110,22),(692,NULL,2,2,22),(693,NULL,5,24,22),(694,NULL,4,62,22),(695,NULL,5,4,22),(696,NULL,4,79,22),(697,NULL,5,50,22),(698,NULL,4,117,22),(699,NULL,5,127,22),(700,NULL,3,94,22),(701,NULL,3,53,22),(702,NULL,4,68,22),(703,NULL,1,105,22),(704,NULL,4,118,22),(705,NULL,5,144,22),(706,NULL,5,128,22),(707,NULL,1,29,22),(708,NULL,3,121,22),(709,NULL,5,89,22),(710,NULL,5,85,22),(711,NULL,4,17,22),(712,NULL,4,80,22),(713,NULL,4,109,22),(714,NULL,4,21,22),(715,NULL,4,132,23),(716,NULL,5,1,23),(717,NULL,4,14,23),(718,NULL,3,32,23),(719,NULL,3,62,23),(720,NULL,4,79,23),(721,NULL,4,91,23),(722,NULL,3,73,23),(723,NULL,4,56,23),(724,NULL,4,99,23),(725,NULL,5,116,23),(726,NULL,3,145,23),(727,NULL,2,90,23),(728,NULL,2,70,23),(729,NULL,4,96,23),(730,NULL,4,50,23),(731,NULL,4,95,23),(732,NULL,4,134,23),(733,NULL,3,82,23),(734,NULL,4,133,23),(735,NULL,3,144,23),(736,NULL,3,102,23),(737,NULL,5,124,23),(738,NULL,4,55,23),(739,NULL,5,89,23),(740,NULL,3,28,23),(741,NULL,3,71,23),(742,NULL,3,143,23),(743,NULL,4,13,23),(744,NULL,4,19,23),(745,NULL,5,100,23),(746,NULL,4,59,23),(747,NULL,4,7,23),(748,NULL,3,88,23),(749,NULL,5,98,23),(750,NULL,4,8,23),(751,NULL,3,109,23),(752,NULL,4,131,23),(753,NULL,4,83,23),(754,NULL,4,25,24),(755,NULL,5,71,24),(756,NULL,4,56,24),(757,NULL,5,11,24),(758,NULL,3,132,24),(759,NULL,4,117,24),(760,NULL,4,97,24),(761,NULL,3,129,24),(762,NULL,5,100,24),(763,NULL,3,58,24),(764,NULL,5,92,24),(765,NULL,4,7,24),(766,NULL,5,12,24),(767,NULL,5,98,24),(768,NULL,5,127,24),(769,NULL,5,41,24),(770,NULL,5,8,24),(771,NULL,3,109,24),(772,NULL,5,9,24),(773,NULL,5,55,24),(774,NULL,5,69,24),(775,NULL,4,79,24),(776,NULL,5,25,25),(777,NULL,4,82,25),(778,NULL,4,7,25),(779,NULL,4,8,25),(780,NULL,3,143,25),(781,NULL,4,13,25),(782,NULL,3,133,25),(783,NULL,4,116,25),(784,NULL,3,127,25),(785,NULL,5,125,25),(786,NULL,5,98,25),(787,NULL,4,23,25),(788,NULL,4,141,25),(789,NULL,4,121,25),(790,NULL,5,114,25),(791,NULL,4,131,25),(792,NULL,4,86,25),(793,NULL,4,79,25),(794,NULL,4,134,25),(795,NULL,5,50,25),(796,NULL,5,1,25),(797,NULL,3,14,26),(798,NULL,4,125,26),(799,NULL,1,122,26),(800,NULL,3,24,26),(801,NULL,4,9,26),(802,NULL,4,50,26),(803,NULL,3,117,26),(804,NULL,4,15,26),(805,NULL,4,129,26),(806,NULL,2,116,26),(807,NULL,5,127,26),(808,NULL,3,148,26),(809,NULL,3,150,26),(810,NULL,3,118,26),(811,NULL,3,111,26),(812,NULL,3,121,26),(813,NULL,3,13,26),(814,NULL,5,100,26),(815,NULL,3,109,26),(816,NULL,3,118,27),(817,NULL,5,123,27),(818,NULL,5,100,27),(819,NULL,3,148,27),(820,NULL,4,9,27),(821,NULL,4,121,27),(822,NULL,5,7,28),(823,NULL,4,143,28),(824,NULL,5,96,28),(825,NULL,4,79,28),(826,NULL,3,5,28),(827,NULL,5,100,28),(828,NULL,3,145,28),(829,NULL,4,12,28),(830,NULL,5,98,28),(831,NULL,4,117,28),(832,NULL,5,56,28),(833,NULL,4,70,28),(834,NULL,4,89,28),(835,NULL,3,95,28),(836,NULL,4,28,28),(837,NULL,4,11,28),(838,NULL,4,31,28),(839,NULL,5,12,29),(840,NULL,4,98,29),(841,NULL,3,2,30),(842,NULL,4,7,30),(843,NULL,3,29,30),(844,NULL,5,69,30),(845,NULL,4,28,30),(846,NULL,3,50,30),(847,NULL,5,136,31),(848,NULL,2,79,31),(849,NULL,4,124,31),(850,NULL,5,32,31),(851,NULL,2,122,32),(852,NULL,3,118,32),(853,NULL,3,117,32),(854,NULL,3,100,32),(855,NULL,4,7,32),(856,NULL,3,111,32),(857,NULL,3,9,32),(858,NULL,4,50,32),(859,NULL,4,96,37),(860,NULL,4,117,37),(861,NULL,4,79,37),(862,NULL,4,127,37),(863,NULL,4,7,37),(864,NULL,5,22,37),(865,NULL,3,147,37),(866,NULL,4,24,37),(867,NULL,4,92,37),(868,NULL,5,62,37),(869,NULL,2,121,37),(870,NULL,3,55,37),(871,NULL,4,89,37),(872,NULL,4,11,37),(873,NULL,5,68,37),(874,NULL,5,50,37),(875,NULL,5,1,38),(876,NULL,5,112,38),(877,NULL,1,122,38),(878,NULL,3,79,38),(879,NULL,5,78,38),(880,NULL,5,97,38),(881,NULL,5,99,38),(882,NULL,2,127,38),(883,NULL,1,145,38),(884,NULL,5,70,38),(885,NULL,5,94,38),(886,NULL,4,67,38),(887,NULL,5,95,38),(888,NULL,5,82,38),(889,NULL,3,105,38),(890,NULL,5,118,38),(891,NULL,2,133,38),(892,NULL,5,144,38),(893,NULL,5,22,38),(894,NULL,5,140,38),(895,NULL,2,139,38),(896,NULL,4,28,38),(897,NULL,5,71,38),(898,NULL,5,88,38),(899,NULL,5,84,38),(900,NULL,5,69,38),(901,NULL,5,35,38),(902,NULL,4,56,41),(903,NULL,4,96,41),(904,NULL,3,97,41),(905,NULL,4,1,41),(906,NULL,4,100,41),(907,NULL,3,58,41),(908,NULL,4,98,41),(909,NULL,4,69,41),(910,NULL,4,28,41),(911,NULL,3,31,41),(912,NULL,5,50,41),(913,NULL,3,25,42),(914,NULL,5,132,42),(915,NULL,5,1,42),(916,NULL,5,96,42),(917,NULL,5,2,42),(918,NULL,5,58,42),(919,NULL,4,125,42),(920,NULL,4,54,42),(921,NULL,2,43,42),(922,NULL,5,77,42),(923,NULL,3,103,42),(924,NULL,3,38,42),(925,NULL,5,79,42),(926,NULL,4,73,42),(927,NULL,3,97,42),(928,NULL,4,15,42),(929,NULL,5,99,42),(930,NULL,3,70,42),(931,NULL,5,50,42),(932,NULL,3,141,42),(933,NULL,5,95,42),(934,NULL,3,86,42),(935,NULL,4,82,42),(936,NULL,4,118,42),(937,NULL,5,102,42),(938,NULL,1,111,42),(939,NULL,4,66,42),(940,NULL,4,121,42),(941,NULL,5,28,42),(942,NULL,5,64,42),(943,NULL,4,135,42),(944,NULL,4,71,42),(945,NULL,4,142,42),(946,NULL,3,72,42),(947,NULL,4,143,42),(948,NULL,4,136,42),(949,NULL,3,44,42),(950,NULL,5,48,42),(951,NULL,4,12,42),(952,NULL,5,88,42),(953,NULL,4,98,42),(954,NULL,4,87,42),(955,NULL,4,63,42),(956,NULL,4,69,42),(957,NULL,2,131,42),(958,NULL,4,83,42),(959,NULL,3,40,43),(960,NULL,5,1,43),(961,NULL,4,49,43),(962,NULL,1,123,43),(963,NULL,2,14,43),(964,NULL,3,58,43),(965,NULL,3,54,43),(966,NULL,4,127,43),(967,NULL,3,77,43),(968,NULL,4,4,43),(969,NULL,4,9,43),(970,NULL,5,11,43),(971,NULL,4,79,43),(972,NULL,4,50,43),(973,NULL,3,91,43),(974,NULL,4,73,43),(975,NULL,4,66,43),(976,NULL,5,56,43),(977,NULL,4,117,43),(978,NULL,5,97,43),(979,NULL,5,15,43),(980,NULL,4,70,43),(981,NULL,4,52,43),(982,NULL,4,95,43),(983,NULL,4,86,43),(984,NULL,5,64,43),(985,NULL,4,82,43),(986,NULL,4,71,43),(987,NULL,4,118,43),(988,NULL,4,5,43),(989,NULL,4,133,43),(990,NULL,4,144,43),(991,NULL,4,102,43),(992,NULL,3,63,43),(993,NULL,4,111,43),(994,NULL,4,124,43),(995,NULL,4,140,43),(996,NULL,1,51,43),(997,NULL,2,3,43),(998,NULL,4,28,43),(999,NULL,4,137,43),(1000,NULL,5,26,43),(1001,NULL,4,143,43),(1002,NULL,4,100,43),(1003,NULL,4,121,43),(1004,NULL,3,17,43),(1005,NULL,4,7,43),(1006,NULL,5,12,43),(1007,NULL,5,88,43),(1008,NULL,5,98,43),(1009,NULL,4,8,43),(1010,NULL,5,114,43),(1011,NULL,4,69,43),(1012,NULL,3,131,43),(1013,NULL,2,25,44),(1014,NULL,2,106,44),(1015,NULL,4,132,44),(1016,NULL,4,1,44),(1017,NULL,4,123,44),(1018,NULL,3,24,44),(1019,NULL,5,9,44),(1020,NULL,3,11,44),(1021,NULL,4,31,44),(1022,NULL,5,50,44),(1023,NULL,4,81,44),(1024,NULL,2,91,44),(1025,NULL,2,56,44),(1026,NULL,5,7,44),(1027,NULL,3,118,44),(1028,NULL,2,97,44),(1029,NULL,4,15,44),(1030,NULL,4,147,44),(1031,NULL,4,99,44),(1032,NULL,4,148,44),(1033,NULL,2,90,44),(1034,NULL,4,96,44),(1035,NULL,3,67,44),(1036,NULL,5,100,44),(1037,NULL,4,95,44),(1038,NULL,5,64,44),(1039,NULL,5,135,44),(1040,NULL,4,82,44),(1041,NULL,4,5,44),(1042,NULL,4,133,44),(1043,NULL,4,144,44),(1044,NULL,2,102,44),(1045,NULL,4,22,44),(1046,NULL,4,121,44),(1047,NULL,4,55,44),(1048,NULL,5,89,44),(1049,NULL,3,71,44),(1050,NULL,4,143,44),(1051,NULL,2,88,44),(1052,NULL,2,98,44),(1053,NULL,5,87,44),(1054,NULL,3,109,44),(1055,NULL,2,21,44),(1056,NULL,4,69,44),(1057,NULL,4,25,45),(1058,NULL,3,7,45),(1059,NULL,4,118,45),(1060,NULL,5,1,45),(1061,NULL,5,13,45),(1062,NULL,4,15,45),(1063,NULL,5,100,45),(1064,NULL,5,127,45),(1065,NULL,4,111,45),(1066,NULL,4,108,45),(1067,NULL,5,109,45),(1068,NULL,3,21,45),(1069,NULL,4,121,45),(1070,NULL,3,24,45),(1071,NULL,4,93,46),(1072,NULL,4,100,46),(1073,NULL,4,125,46),(1074,NULL,4,7,46),(1075,NULL,5,127,46),(1076,NULL,3,71,48),(1077,NULL,3,56,48),(1078,NULL,5,132,48),(1079,NULL,4,136,48),(1080,NULL,5,98,48),(1081,NULL,2,28,48),(1082,NULL,4,50,48),(1083,NULL,2,25,49),(1084,NULL,5,93,49),(1085,NULL,2,122,49),(1086,NULL,5,47,49),(1087,NULL,1,40,49),(1088,NULL,2,1,49),(1089,NULL,2,49,49),(1090,NULL,1,123,49),(1091,NULL,4,99,49),(1092,NULL,1,2,49),(1093,NULL,4,7,49),(1094,NULL,1,82,49),(1095,NULL,1,77,49),(1096,NULL,2,4,49),(1097,NULL,2,62,49),(1098,NULL,3,11,49),(1099,NULL,1,38,49),(1100,NULL,4,55,49),(1101,NULL,3,10,49),(1102,NULL,1,50,49),(1103,NULL,5,91,49),(1104,NULL,3,3,49),(1105,NULL,5,56,49),(1106,NULL,1,117,49),(1107,NULL,1,147,49),(1108,NULL,2,129,49),(1109,NULL,4,116,49),(1110,NULL,1,145,49),(1111,NULL,1,148,49),(1112,NULL,2,39,49),(1113,NULL,1,90,49),(1114,NULL,2,70,49),(1115,NULL,2,52,49),(1116,NULL,4,53,49),(1117,NULL,2,95,49),(1118,NULL,1,68,49),(1119,NULL,3,8,49),(1120,NULL,1,96,49),(1121,NULL,2,102,49),(1122,NULL,2,111,49),(1123,NULL,4,57,49),(1124,NULL,3,101,49),(1125,NULL,1,121,49),(1126,NULL,3,71,49),(1127,NULL,3,85,49),(1128,NULL,4,42,49),(1129,NULL,2,72,49),(1130,NULL,3,143,49),(1131,NULL,3,13,49),(1132,NULL,4,100,49),(1133,NULL,2,17,49),(1134,NULL,4,12,49),(1135,NULL,4,98,49),(1136,NULL,2,54,49),(1137,NULL,1,80,49),(1138,NULL,2,108,49),(1139,NULL,4,123,50),(1140,NULL,2,15,50),(1141,NULL,2,100,50),(1142,NULL,2,125,50),(1143,NULL,1,124,50);
/*!40000 ALTER TABLE `rating` ENABLE KEYS */;
UNLOCK TABLES;

--
-- Table structure for table `user`
--

DROP TABLE IF EXISTS `user`;
/*!40101 SET @saved_cs_client     = @@character_set_client */;
/*!40101 SET character_set_client = utf8 */;
CREATE TABLE `user` (
  `id` bigint(20) NOT NULL,
  `age` int(11) DEFAULT NULL,
  `gender` int(11) DEFAULT NULL,
  `occupation` varchar(255) DEFAULT NULL,
  `password` varchar(255) DEFAULT NULL,
  `username` varchar(255) DEFAULT NULL,
  PRIMARY KEY (`id`)
) ENGINE=InnoDB DEFAULT CHARSET=latin1;
/*!40101 SET character_set_client = @saved_cs_client */;

--
-- Dumping data for table `user`
--

LOCK TABLES `user` WRITE;
/*!40000 ALTER TABLE `user` DISABLE KEYS */;
INSERT INTO `user` VALUES (1,24,0,'technician','123456','001'),(2,53,1,'other','123456','002'),(3,23,0,'writer','123456','003'),(4,24,0,'technician','123456','004'),(5,33,1,'other','123456','005'),(6,42,0,'executive','123456','006'),(7,57,0,'administrator','123456','007'),(8,36,0,'administrator','123456','008'),(9,29,0,'student','123456','009'),(10,53,0,'lawyer','123456','010'),(11,39,1,'other','123456','011'),(12,28,1,'other','123456','012'),(13,47,0,'educator','123456','013'),(14,45,0,'scientist','123456','014'),(15,49,1,'educator','123456','015'),(16,21,0,'entertainment','123456','016'),(17,30,0,'programmer','123456','017'),(18,35,1,'other','123456','018'),(19,40,0,'librarian','123456','019'),(20,42,1,'homemaker','123456','020'),(21,26,0,'writer','123456','021'),(22,25,0,'writer','123456','022'),(23,30,1,'artist','123456','023'),(24,21,1,'artist','123456','024'),(25,39,0,'engineer','123456','025'),(26,49,0,'engineer','123456','026'),(27,40,1,'librarian','123456','027'),(28,32,0,'writer','123456','028'),(29,41,0,'programmer','123456','029'),(30,7,0,'student','123456','030'),(31,24,0,'artist','123456','031'),(32,28,1,'student','123456','032'),(33,23,0,'student','123456','033'),(34,38,1,'administrator','123456','034'),(35,20,1,'homemaker','123456','035'),(36,19,1,'student','123456','036'),(37,23,0,'student','123456','037'),(38,28,1,'other','123456','038'),(39,41,0,'entertainment','123456','039'),(40,38,0,'scientist','123456','040'),(41,33,0,'engineer','123456','041'),(42,30,0,'administrator','123456','042'),(43,29,1,'librarian','123456','043'),(44,26,0,'technician','123456','044'),(45,29,0,'programmer','123456','045'),(46,27,1,'marketing','123456','046'),(47,53,0,'marketing','123456','047'),(48,45,0,'administrator','123456','048'),(49,23,1,'student','123456','049'),(50,21,0,'writer','123456','050');
/*!40000 ALTER TABLE `user` ENABLE KEYS */;
UNLOCK TABLES;
/*!40103 SET TIME_ZONE=@OLD_TIME_ZONE */;

/*!40101 SET SQL_MODE=@OLD_SQL_MODE */;
/*!40014 SET FOREIGN_KEY_CHECKS=@OLD_FOREIGN_KEY_CHECKS */;
/*!40014 SET UNIQUE_CHECKS=@OLD_UNIQUE_CHECKS */;
/*!40101 SET CHARACTER_SET_CLIENT=@OLD_CHARACTER_SET_CLIENT */;
/*!40101 SET CHARACTER_SET_RESULTS=@OLD_CHARACTER_SET_RESULTS */;
/*!40101 SET COLLATION_CONNECTION=@OLD_COLLATION_CONNECTION */;
/*!40111 SET SQL_NOTES=@OLD_SQL_NOTES */;

-- Dump completed on 2017-04-27 16:30:58
